id,media_type,title,date,popularity,vote_average,vote_count,original_language,origin_country_code,genres,genre
1236153,movie,Mercy,2026-01-20,581.4114,6.852,304,en,,Science Fiction; Action; Thriller,Science Fiction
1236153,movie,Mercy,2026-01-20,581.4114,6.852,304,en,,Science Fiction; Action; Thriller,Action
1236153,movie,Mercy,2026-01-20,581.4114,6.852,304,en,,Science Fiction; Action; Thriller,Thriller
224372,tv,A Knight of the Seven Kingdoms,2026-01-18,337.1102,8.534,343,en,US,Drama; Sci-Fi & Fantasy; Action & Adventure,Drama
224372,tv,A Knight of the Seven Kingdoms,2026-01-18,337.1102,8.534,343,en,US,Drama; Sci-Fi & Fantasy; Action & Adventure,Sci-Fi & Fantasy
224372,tv,A Knight of the Seven Kingdoms,2026-01-18,337.1102,8.534,343,en,US,Drama; Sci-Fi & Fantasy; Action & Adventure,Action & Adventure
840464,movie,Greenland 2: Migration,2026-01-07,246.3267,6.5,482,en,,Adventure; Thriller; Science Fiction,Adventure
840464,movie,Greenland 2: Migration,2026-01-07,246.3267,6.5,482,en,,Adventure; Thriller; Science Fiction,Thriller
840464,movie,Greenland 2: Migration,2026-01-07,246.3267,6.5,482,en,,Adventure; Thriller; Science Fiction,Science Fiction
1272837,movie,28 Years Later: The Bone Temple,2026-01-14,227.7669,7.19,466,en,,Horror; Thriller; Science Fiction,Horror
1272837,movie,28 Years Later: The Bone Temple,2026-01-14,227.7669,7.19,466,en,,Horror; Thriller; Science Fiction,Thriller
1272837,movie,28 Years Later: The Bone Temple,2026-01-14,227.7669,7.19,466,en,,Horror; Thriller; Science Fiction,Science Fiction
1253000,movie,Deathstalker,2025-10-10,218.1385,6.279,43,en,,Fantasy; Action; Adventure,Fantasy
1253000,movie,Deathstalker,2025-10-10,218.1385,6.279,43,en,,Fantasy; Action; Adventure,Action
1253000,movie,Deathstalker,2025-10-10,218.1385,6.279,43,en,,Fantasy; Action; Adventure,Adventure
1084242,movie,Zootopia 2,2025-11-26,188.9272,7.601,1758,en,,Animation; Comedy; Adventure; Family; Mystery,Animation
1084242,movie,Zootopia 2,2025-11-26,188.9272,7.601,1758,en,,Animation; Comedy; Adventure; Family; Mystery,Comedy
1084242,movie,Zootopia 2,2025-11-26,188.9272,7.601,1758,en,,Animation; Comedy; Adventure; Family; Mystery,Adventure
1084242,movie,Zootopia 2,2025-11-26,188.9272,7.601,1758,en,,Animation; Comedy; Adventure; Family; Mystery,Family
1084242,movie,Zootopia 2,2025-11-26,188.9272,7.601,1758,en,,Animation; Comedy; Adventure; Family; Mystery,Mystery
1634858,movie,Cuerno Azulado,2025-09-10,187.7162,7.0,6,es,,Action,Action
1168190,movie,The Wrecking Crew,2026-01-28,181.673,6.894,632,en,,Action; Comedy; Crime; Mystery,Action
1168190,movie,The Wrecking Crew,2026-01-28,181.673,6.894,632,en,,Action; Comedy; Crime; Mystery,Comedy
1168190,movie,The Wrecking Crew,2026-01-28,181.673,6.894,632,en,,Action; Comedy; Crime; Mystery,Crime
1168190,movie,The Wrecking Crew,2026-01-28,181.673,6.894,632,en,,Action; Comedy; Crime; Mystery,Mystery
1316092,movie,“Wuthering Heights”,2026-02-11,173.4813,6.645,279,en,,Romance; Drama,Romance
1316092,movie,“Wuthering Heights”,2026-02-11,173.4813,6.645,279,en,,Romance; Drama,Drama
1317672,movie,Love Me Love Me,2026-02-12,159.7319,5.88,108,en,,Romance; Drama,Romance
1317672,movie,Love Me Love Me,2026-02-12,159.7319,5.88,108,en,,Romance; Drama,Drama
1368166,movie,The Housemaid,2025-12-18,156.9819,7.209,1205,en,,Drama; Mystery; Thriller,Drama
1368166,movie,The Housemaid,2025-12-18,156.9819,7.209,1205,en,,Drama; Mystery; Thriller,Mystery
1368166,movie,The Housemaid,2025-12-18,156.9819,7.209,1205,en,,Drama; Mystery; Thriller,Thriller
1242898,movie,Predator: Badlands,2025-11-05,152.8147,7.724,2066,en,,Action; Science Fiction; Adventure,Action
1242898,movie,Predator: Badlands,2025-11-05,152.8147,7.724,2066,en,,Action; Science Fiction; Adventure,Science Fiction
1242898,movie,Predator: Badlands,2025-11-05,152.8147,7.724,2066,en,,Action; Science Fiction; Adventure,Adventure
1426964,movie,State of Fear,2026-02-10,134.9392,4.914,35,pt,,Action; Thriller; Crime; Drama,Action
1426964,movie,State of Fear,2026-02-10,134.9392,4.914,35,pt,,Action; Thriller; Crime; Drama,Thriller
1426964,movie,State of Fear,2026-02-10,134.9392,4.914,35,pt,,Action; Thriller; Crime; Drama,Crime
1426964,movie,State of Fear,2026-02-10,134.9392,4.914,35,pt,,Action; Thriller; Crime; Drama,Drama
1315303,movie,Primate,2026-01-01,133.5289,6.664,351,en,,Horror; Thriller,Horror
1315303,movie,Primate,2026-01-01,133.5289,6.664,351,en,,Horror; Thriller,Thriller
273977,tv,The Art of Sarah,2026-02-13,132.0229,8.1,19,ko,KR,Crime; Mystery; Drama,Crime
273977,tv,The Art of Sarah,2026-02-13,132.0229,8.1,19,ko,KR,Crime; Mystery; Drama,Mystery
273977,tv,The Art of Sarah,2026-02-13,132.0229,8.1,19,ko,KR,Crime; Mystery; Drama,Drama
241372,tv,56 Days,2026-02-18,124.6572,4.2,20,en,US,Crime; Drama; Mystery,Crime
241372,tv,56 Days,2026-02-18,124.6572,4.2,20,en,US,Crime; Drama; Mystery,Drama
241372,tv,56 Days,2026-02-18,124.6572,4.2,20,en,US,Crime; Drama; Mystery,Mystery
83533,movie,Avatar: Fire and Ash,2025-12-17,120.6667,7.282,1795,en,,Science Fiction; Adventure; Fantasy,Science Fiction
83533,movie,Avatar: Fire and Ash,2025-12-17,120.6667,7.282,1795,en,,Science Fiction; Adventure; Fantasy,Adventure
83533,movie,Avatar: Fire and Ash,2025-12-17,120.6667,7.282,1795,en,,Science Fiction; Adventure; Fantasy,Fantasy
1601243,movie,Oscar Shaw,2026-01-09,114.183,6.19,21,en,,Action; Crime; Thriller,Action
1601243,movie,Oscar Shaw,2026-01-09,114.183,6.19,21,en,,Action; Crime; Thriller,Crime
1601243,movie,Oscar Shaw,2026-01-09,114.183,6.19,21,en,,Action; Crime; Thriller,Thriller
1297842,movie,GOAT,2026-02-11,105.8597,7.435,46,en,,Animation; Comedy; Family; Action,Animation
1297842,movie,GOAT,2026-02-11,105.8597,7.435,46,en,,Animation; Comedy; Family; Action,Comedy
1297842,movie,GOAT,2026-02-11,105.8597,7.435,46,en,,Animation; Comedy; Family; Action,Family
1297842,movie,GOAT,2026-02-11,105.8597,7.435,46,en,,Animation; Comedy; Family; Action,Action
1317288,movie,Marty Supreme,2025-12-19,105.0731,7.587,838,en,,Drama,Drama
240459,tv,Spartacus: House of Ashur,2025-12-05,102.5163,6.753,196,en,US,Drama; Action & Adventure,Drama
240459,tv,Spartacus: House of Ashur,2025-12-05,102.5163,6.753,196,en,US,Drama; Action & Adventure,Action & Adventure
1171145,movie,Crime 101,2026-02-11,94.5223,6.979,71,en,,Crime; Thriller,Crime
1171145,movie,Crime 101,2026-02-11,94.5223,6.979,71,en,,Crime; Thriller,Thriller
1584215,movie,The Internship,2026-01-13,89.4099,6.3,49,en,,Action,Action
1110034,movie,Kraken,2026-02-06,88.0907,8.0,5,no,,Horror; Action; Thriller,Horror
1110034,movie,Kraken,2026-02-06,88.0907,8.0,5,no,,Horror; Action; Thriller,Action
1110034,movie,Kraken,2026-02-06,88.0907,8.0,5,no,,Horror; Action; Thriller,Thriller
235685,tv,The Pendragon Cycle: Rise of the Merlin,2026-01-22,82.0373,8.5,27,en,US,Sci-Fi & Fantasy; Action & Adventure; Family; Drama,Sci-Fi & Fantasy
235685,tv,The Pendragon Cycle: Rise of the Merlin,2026-01-22,82.0373,8.5,27,en,US,Sci-Fi & Fantasy; Action & Adventure; Family; Drama,Action & Adventure
235685,tv,The Pendragon Cycle: Rise of the Merlin,2026-01-22,82.0373,8.5,27,en,US,Sci-Fi & Fantasy; Action & Adventure; Family; Drama,Family
235685,tv,The Pendragon Cycle: Rise of the Merlin,2026-01-22,82.0373,8.5,27,en,US,Sci-Fi & Fantasy; Action & Adventure; Family; Drama,Drama
1511417,movie,Bāhubali: The Epic,2025-10-29,79.9403,5.984,31,te,,Action; Drama,Action
1511417,movie,Bāhubali: The Epic,2025-10-29,79.9403,5.984,31,te,,Action; Drama,Drama
1310568,movie,Murder at the Embassy,2025-11-14,79.8719,5.843,35,en,,Mystery; Thriller; Action,Mystery
1310568,movie,Murder at the Embassy,2025-11-14,79.8719,5.843,35,en,,Mystery; Thriller; Action,Thriller
1310568,movie,Murder at the Embassy,2025-11-14,79.8719,5.843,35,en,,Mystery; Thriller; Action,Action
1306368,movie,The Rip,2026-01-13,78.6886,7.063,1211,en,,Action; Thriller; Crime,Action
1306368,movie,The Rip,2026-01-13,78.6886,7.063,1211,en,,Action; Thriller; Crime,Thriller
1306368,movie,The Rip,2026-01-13,78.6886,7.063,1211,en,,Action; Thriller; Crime,Crime
1600028,movie,A Father's Miracle,2025-12-25,78.6185,7.327,26,es,,Drama,Drama
1271895,movie,96 Minutes,2025-09-05,78.251,5.836,55,zh,,Action; Crime; Romance,Action
1271895,movie,96 Minutes,2025-09-05,78.251,5.836,55,zh,,Action; Crime; Romance,Crime
1271895,movie,96 Minutes,2025-09-05,78.251,5.836,55,zh,,Action; Crime; Romance,Romance
302463,tv,Dinastía Casillas,2025-10-07,74.6076,8.3,299,es,US,Drama; Action & Adventure; Mystery,Drama
302463,tv,Dinastía Casillas,2025-10-07,74.6076,8.3,299,es,US,Drama; Action & Adventure; Mystery,Action & Adventure
302463,tv,Dinastía Casillas,2025-10-07,74.6076,8.3,299,es,US,Drama; Action & Adventure; Mystery,Mystery
1234731,movie,Anaconda,2025-12-24,74.0102,5.829,637,en,,Adventure; Comedy; Horror,Adventure
1234731,movie,Anaconda,2025-12-24,74.0102,5.829,637,en,,Adventure; Comedy; Horror,Comedy
1234731,movie,Anaconda,2025-12-24,74.0102,5.829,637,en,,Adventure; Comedy; Horror,Horror
1146344,movie,Misdirection,2026-01-13,69.9022,5.6,19,en,,Horror; Thriller,Horror
1146344,movie,Misdirection,2026-01-13,69.9022,5.6,19,en,,Horror; Thriller,Thriller
858024,movie,Hamnet,2025-11-26,67.5227,7.731,643,en,,Drama; Romance; History,Drama
858024,movie,Hamnet,2025-11-26,67.5227,7.731,643,en,,Drama; Romance; History,Romance
858024,movie,Hamnet,2025-11-26,67.5227,7.731,643,en,,Drama; Romance; History,History
1043197,movie,Dust Bunny,2025-12-11,65.5191,6.665,174,en,,Fantasy; Action; Thriller,Fantasy
1043197,movie,Dust Bunny,2025-12-11,65.5191,6.665,174,en,,Fantasy; Action; Thriller,Action
1043197,movie,Dust Bunny,2025-12-11,65.5191,6.665,174,en,,Fantasy; Action; Thriller,Thriller
425274,movie,Now You See Me: Now You Don't,2025-11-12,65.0169,6.537,1077,en,,Thriller; Crime; Mystery,Thriller
425274,movie,Now You See Me: Now You Don't,2025-11-12,65.0169,6.537,1077,en,,Thriller; Crime; Mystery,Crime
425274,movie,Now You See Me: Now You Don't,2025-11-12,65.0169,6.537,1077,en,,Thriller; Crime; Mystery,Mystery
1167307,movie,David,2025-12-14,62.0658,8.124,89,en,,Animation; Family; Drama,Animation
1167307,movie,David,2025-12-14,62.0658,8.124,89,en,,Animation; Family; Drama,Family
1167307,movie,David,2025-12-14,62.0658,8.124,89,en,,Animation; Family; Drama,Drama
1243460,movie,Joe's College Road Trip,2026-02-12,61.9271,5.513,40,en,,Comedy,Comedy
1323625,movie,Night Patrol,2026-01-16,61.2515,4.1,17,en,,Horror; Mystery,Horror
1323625,movie,Night Patrol,2026-01-16,61.2515,4.1,17,en,,Horror; Mystery,Mystery
310239,tv,Museum of Innocence,2026-02-13,60.0542,8.25,8,tr,TR,Drama,Drama
1242501,movie,Icefall,2025-10-16,59.6322,6.429,133,en,,Action; Crime; Thriller,Action
1242501,movie,Icefall,2025-10-16,59.6322,6.429,133,en,,Action; Crime; Thriller,Crime
1242501,movie,Icefall,2025-10-16,59.6322,6.429,133,en,,Action; Crime; Thriller,Thriller
991494,movie,The SpongeBob Movie: Search for SquarePants,2025-12-16,56.7907,6.698,202,en,,Animation; Family; Comedy; Adventure; Fantasy,Animation
991494,movie,The SpongeBob Movie: Search for SquarePants,2025-12-16,56.7907,6.698,202,en,,Animation; Family; Comedy; Adventure; Fantasy,Family
991494,movie,The SpongeBob Movie: Search for SquarePants,2025-12-16,56.7907,6.698,202,en,,Animation; Family; Comedy; Adventure; Fantasy,Comedy
991494,movie,The SpongeBob Movie: Search for SquarePants,2025-12-16,56.7907,6.698,202,en,,Animation; Family; Comedy; Adventure; Fantasy,Adventure
991494,movie,The SpongeBob Movie: Search for SquarePants,2025-12-16,56.7907,6.698,202,en,,Animation; Family; Comedy; Adventure; Fantasy,Fantasy
1290821,movie,Shelter,2026-01-28,52.942,7.5,47,en,,Action; Crime; Thriller,Action
1290821,movie,Shelter,2026-01-28,52.942,7.5,47,en,,Action; Crime; Thriller,Crime
1290821,movie,Shelter,2026-01-28,52.942,7.5,47,en,,Action; Crime; Thriller,Thriller
587370,movie,Tales from the Magic Garden,2025-11-06,51.667,4.5,2,cs,,Animation; Drama; Family; Fantasy,Animation
587370,movie,Tales from the Magic Garden,2025-11-06,51.667,4.5,2,cs,,Animation; Drama; Family; Fantasy,Drama
587370,movie,Tales from the Magic Garden,2025-11-06,51.667,4.5,2,cs,,Animation; Drama; Family; Fantasy,Family
587370,movie,Tales from the Magic Garden,2025-11-06,51.667,4.5,2,cs,,Animation; Drama; Family; Fantasy,Fantasy
1252037,movie,The Tank,2025-09-18,50.2385,7.078,344,de,,War; Action; Drama,War
1252037,movie,The Tank,2025-09-18,50.2385,7.078,344,de,,War; Action; Drama,Action
1252037,movie,The Tank,2025-09-18,50.2385,7.078,344,de,,War; Action; Drama,Drama
285166,tv,"Jack-of-All-Trades, Party of None",2026-01-04,49.0854,8.5,15,ja,JP,Animation; Action & Adventure; Sci-Fi & Fantasy,Animation
285166,tv,"Jack-of-All-Trades, Party of None",2026-01-04,49.0854,8.5,15,ja,JP,Animation; Action & Adventure; Sci-Fi & Fantasy,Action & Adventure
285166,tv,"Jack-of-All-Trades, Party of None",2026-01-04,49.0854,8.5,15,ja,JP,Animation; Action & Adventure; Sci-Fi & Fantasy,Sci-Fi & Fantasy
274776,tv,Unfamiliar,2026-02-05,48.9623,7.552,48,de,DE,Action & Adventure; Drama; Crime,Action & Adventure
274776,tv,Unfamiliar,2026-02-05,48.9623,7.552,48,de,DE,Action & Adventure; Drama; Crime,Drama
274776,tv,Unfamiliar,2026-02-05,48.9623,7.552,48,de,DE,Action & Adventure; Drama; Crime,Crime
307423,tv,Doménica Montero,2025-12-08,48.8032,8.199,176,es,MX,Drama,Drama
206494,tv,Million-Follower Detective,2026-02-12,48.747,7.5,8,zh,TW,Mystery; Crime,Mystery
206494,tv,Million-Follower Detective,2026-02-12,48.747,7.5,8,zh,TW,Mystery; Crime,Crime
1198994,movie,Send Help,2026-01-22,47.577,7.1,304,en,,Horror; Thriller; Comedy,Horror
1198994,movie,Send Help,2026-01-22,47.577,7.1,304,en,,Horror; Thriller; Comedy,Thriller
1198994,movie,Send Help,2026-01-22,47.577,7.1,304,en,,Horror; Thriller; Comedy,Comedy
273160,tv,The Beauty,2026-01-21,46.5281,6.097,62,en,US,Drama; Sci-Fi & Fantasy,Drama
273160,tv,The Beauty,2026-01-21,46.5281,6.097,62,en,US,Drama; Sci-Fi & Fantasy,Sci-Fi & Fantasy
1373198,movie,Twisted,2026-02-06,42.0919,4.348,33,en,,Horror; Thriller,Horror
1373198,movie,Twisted,2026-02-06,42.0919,4.348,33,en,,Horror; Thriller,Thriller
301507,tv,Heated Rivalry,2025-11-28,42.0753,8.763,308,en,CA,Drama,Drama
254071,tv,Steal,2026-01-21,41.1036,7.392,93,en,GB,Drama; Crime; Mystery,Drama
254071,tv,Steal,2026-01-21,41.1036,7.392,93,en,GB,Drama; Crime; Mystery,Crime
254071,tv,Steal,2026-01-21,41.1036,7.392,93,en,GB,Drama; Crime; Mystery,Mystery
131142,tv,Love Story,2026-02-12,41.09,8.8,15,en,US,Drama,Drama
1533549,movie,Wicked of Oz,2026-01-29,40.7856,0.0,0,en,,Action; Fantasy; Horror,Action
1533549,movie,Wicked of Oz,2026-01-29,40.7856,0.0,0,en,,Action; Fantasy; Horror,Fantasy
1533549,movie,Wicked of Oz,2026-01-29,40.7856,0.0,0,en,,Action; Fantasy; Horror,Horror
200875,tv,IT: Welcome to Derry,2025-10-26,40.2783,8.229,1288,en,US,Drama; Mystery,Drama
200875,tv,IT: Welcome to Derry,2025-10-26,40.2783,8.229,1288,en,US,Drama; Mystery,Mystery
1223601,movie,Sisu: Road to Revenge,2025-10-21,39.517,7.4,548,fi,,Action; War,Action
1223601,movie,Sisu: Road to Revenge,2025-10-21,39.517,7.4,548,fi,,Action; War,War
1119449,movie,"Good Luck, Have Fun, Don't Die",2026-02-13,39.4088,7.467,15,en,,Science Fiction; Action; Adventure; Comedy,Science Fiction
1119449,movie,"Good Luck, Have Fun, Don't Die",2026-02-13,39.4088,7.467,15,en,,Science Fiction; Action; Adventure; Comedy,Action
1119449,movie,"Good Luck, Have Fun, Don't Die",2026-02-13,39.4088,7.467,15,en,,Science Fiction; Action; Adventure; Comedy,Adventure
1119449,movie,"Good Luck, Have Fun, Don't Die",2026-02-13,39.4088,7.467,15,en,,Science Fiction; Action; Adventure; Comedy,Comedy
1054867,movie,One Battle After Another,2025-09-23,39.0712,7.4,2846,en,,Thriller; Crime; Action,Thriller
1054867,movie,One Battle After Another,2025-09-23,39.0712,7.4,2846,en,,Thriller; Crime; Action,Crime
1054867,movie,One Battle After Another,2025-09-23,39.0712,7.4,2846,en,,Thriller; Crime; Action,Action
233079,tv,How to Get to Heaven from Belfast,2026-02-12,38.6191,7.2,22,en,GB,Mystery; Comedy; Drama,Mystery
233079,tv,How to Get to Heaven from Belfast,2026-02-12,38.6191,7.2,22,en,GB,Mystery; Comedy; Drama,Comedy
233079,tv,How to Get to Heaven from Belfast,2026-02-12,38.6191,7.2,22,en,GB,Mystery; Comedy; Drama,Drama
249907,tv,Sentenced to Be a Hero,2026-01-03,38.3055,8.9,37,ja,JP,Animation; Action & Adventure; Sci-Fi & Fantasy,Animation
249907,tv,Sentenced to Be a Hero,2026-01-03,38.3055,8.9,37,ja,JP,Animation; Action & Adventure; Sci-Fi & Fantasy,Action & Adventure
249907,tv,Sentenced to Be a Hero,2026-01-03,38.3055,8.9,37,ja,JP,Animation; Action & Adventure; Sci-Fi & Fantasy,Sci-Fi & Fantasy
628847,movie,Trap House,2025-11-14,38.1418,6.537,217,en,,Action; Crime; Thriller,Action
628847,movie,Trap House,2025-11-14,38.1418,6.537,217,en,,Action; Crime; Thriller,Crime
628847,movie,Trap House,2025-11-14,38.1418,6.537,217,en,,Action; Crime; Thriller,Thriller
639988,movie,No Other Choice,2025-09-24,38.0304,7.6,698,ko,,Crime; Thriller; Comedy,Crime
639988,movie,No Other Choice,2025-09-24,38.0304,7.6,698,ko,,Crime; Thriller; Comedy,Thriller
639988,movie,No Other Choice,2025-09-24,38.0304,7.6,698,ko,,Crime; Thriller; Comedy,Comedy
279041,tv,Speed and Love,2025-12-12,37.7947,7.125,20,zh,CN,Drama,Drama
270444,tv,Lead Children,2026-02-11,37.3728,8.4,13,pl,PL,Drama; War & Politics,Drama
270444,tv,Lead Children,2026-02-11,37.3728,8.4,13,pl,PL,Drama; War & Politics,War & Politics
1433680,movie,The Dinner,2025-10-17,36.8261,6.667,42,es,,Comedy; History,Comedy
1433680,movie,The Dinner,2025-10-17,36.8261,6.667,42,es,,Comedy; History,History
1228246,movie,Five Nights at Freddy's 2,2025-12-03,36.186,6.693,751,en,,Horror; Thriller,Horror
1228246,movie,Five Nights at Freddy's 2,2025-12-03,36.186,6.693,751,en,,Horror; Thriller,Thriller
306215,tv,You are the one I love,2026-02-12,36.0363,0.0,0,tr,TR,Drama; Soap,Drama
306215,tv,You are the one I love,2026-02-12,36.0363,0.0,0,tr,TR,Drama; Soap,Soap
680493,movie,Return to Silent Hill,2026-01-21,35.9144,5.15,163,en,,Horror; Mystery,Horror
680493,movie,Return to Silent Hill,2026-01-21,35.9144,5.15,163,en,,Horror; Mystery,Mystery
1440144,movie,La deuda,2025-10-04,35.3812,7.2,5,es,,Drama,Drama
1408208,movie,Exit 8,2025-08-28,34.9485,6.3,192,ja,,Horror; Mystery,Horror
1408208,movie,Exit 8,2025-08-28,34.9485,6.3,192,ja,,Horror; Mystery,Mystery
982843,movie,The Great Flood,2025-09-18,34.7785,5.991,594,ko,,Science Fiction; Adventure; Drama,Science Fiction
982843,movie,The Great Flood,2025-09-18,34.7785,5.991,594,ko,,Science Fiction; Adventure; Drama,Adventure
982843,movie,The Great Flood,2025-09-18,34.7785,5.991,594,ko,,Science Fiction; Adventure; Drama,Drama
225171,tv,Pluribus,2025-11-06,34.4738,7.911,704,en,US,Drama; Sci-Fi & Fantasy,Drama
225171,tv,Pluribus,2025-11-06,34.4738,7.911,704,en,US,Drama; Sci-Fi & Fantasy,Sci-Fi & Fantasy
313289,tv,Battle of Fates,2026-02-11,34.3701,0.0,0,ko,KR,Mystery; Reality,Mystery
313289,tv,Battle of Fates,2026-02-11,34.3701,0.0,0,ko,KR,Mystery; Reality,Reality
1062722,movie,Frankenstein,2025-10-17,34.2854,7.676,2945,en,,Drama; Fantasy; Horror,Drama
1062722,movie,Frankenstein,2025-10-17,34.2854,7.676,2945,en,,Drama; Fantasy; Horror,Fantasy
1062722,movie,Frankenstein,2025-10-17,34.2854,7.676,2945,en,,Drama; Fantasy; Horror,Horror
300015,tv,Ichigo Aika: Strawberry Elegy,2026-01-05,34.1357,9.0,2,ja,JP,Animation; Comedy,Animation
300015,tv,Ichigo Aika: Strawberry Elegy,2026-01-05,34.1357,9.0,2,ja,JP,Animation; Comedy,Comedy
1196067,movie,Worldbreaker,2025-10-30,33.4641,5.952,83,en,,Science Fiction; Action; Horror,Science Fiction
1196067,movie,Worldbreaker,2025-10-30,33.4641,5.952,83,en,,Science Fiction; Action; Horror,Action
1196067,movie,Worldbreaker,2025-10-30,33.4641,5.952,83,en,,Science Fiction; Action; Horror,Horror
283370,tv,Motorvalley,2026-02-10,33.4553,7.15,10,it,IT,Drama; Action & Adventure,Drama
283370,tv,Motorvalley,2026-02-10,33.4553,7.15,10,it,IT,Drama; Action & Adventure,Action & Adventure
1198984,movie,We Bury the Dead,2026-01-01,32.6686,6.3,101,en,,Horror; Thriller,Horror
1198984,movie,We Bury the Dead,2026-01-01,32.6686,6.3,101,en,,Horror; Thriller,Thriller
223530,tv,Star Trek: Starfleet Academy,2026-01-15,31.9826,4.7,120,en,US,Sci-Fi & Fantasy; Action & Adventure,Sci-Fi & Fantasy
223530,tv,Star Trek: Starfleet Academy,2026-01-15,31.9826,4.7,120,en,US,Sci-Fi & Fantasy; Action & Adventure,Action & Adventure
533533,movie,TRON: Ares,2025-10-08,31.7694,6.485,1193,en,,Science Fiction; Adventure; Action,Science Fiction
533533,movie,TRON: Ares,2025-10-08,31.7694,6.485,1193,en,,Science Fiction; Adventure; Action,Adventure
533533,movie,TRON: Ares,2025-10-08,31.7694,6.485,1193,en,,Science Fiction; Adventure; Action,Action
198178,tv,Wonder Man,2026-01-27,31.3226,7.137,204,en,US,Comedy; Drama,Comedy
198178,tv,Wonder Man,2026-01-27,31.3226,7.137,204,en,US,Comedy; Drama,Drama
1362057,movie,BLUNT,2025-09-06,31.0829,0.0,0,en,,Drama; Family; Comedy,Drama
1362057,movie,BLUNT,2025-09-06,31.0829,0.0,0,en,,Drama; Family; Comedy,Family
1362057,movie,BLUNT,2025-09-06,31.0829,0.0,0,en,,Drama; Family; Comedy,Comedy
1340076,movie,Untitled Home Invasion Romance,2026-01-27,31.0749,5.6,18,en,,Comedy; Action; Thriller; Romance,Comedy
1340076,movie,Untitled Home Invasion Romance,2026-01-27,31.0749,5.6,18,en,,Comedy; Action; Thriller; Romance,Action
1340076,movie,Untitled Home Invasion Romance,2026-01-27,31.0749,5.6,18,en,,Comedy; Action; Thriller; Romance,Thriller
1340076,movie,Untitled Home Invasion Romance,2026-01-27,31.0749,5.6,18,en,,Comedy; Action; Thriller; Romance,Romance
1088434,movie,Hellfire,2026-02-05,30.8772,6.9,21,en,,Action; Thriller,Action
1088434,movie,Hellfire,2026-02-05,30.8772,6.9,21,en,,Action; Thriller,Thriller
798645,movie,The Running Man,2025-11-11,30.1092,6.803,1163,en,,Action; Thriller; Science Fiction,Action
798645,movie,The Running Man,2025-11-11,30.1092,6.803,1163,en,,Action; Thriller; Science Fiction,Thriller
798645,movie,The Running Man,2025-11-11,30.1092,6.803,1163,en,,Action; Thriller; Science Fiction,Science Fiction
1448560,movie,Wildcat,2025-11-19,29.8099,6.261,117,en,,Action; Thriller,Action
1448560,movie,Wildcat,2025-11-19,29.8099,6.261,117,en,,Action; Thriller,Thriller
1539104,movie,JUJUTSU KAISEN: Execution,2025-11-07,29.3903,5.6,79,ja,,Animation; Action,Animation
1539104,movie,JUJUTSU KAISEN: Execution,2025-11-07,29.3903,5.6,79,ja,,Animation; Action,Action
1439112,movie,Muzzle: City of Wolves,2025-11-13,29.1364,6.8,107,en,,Action; Thriller; Mystery,Action
1439112,movie,Muzzle: City of Wolves,2025-11-13,29.1364,6.8,107,en,,Action; Thriller; Mystery,Thriller
1439112,movie,Muzzle: City of Wolves,2025-11-13,29.1364,6.8,107,en,,Action; Thriller; Mystery,Mystery
1387382,movie,Hunting Season,2025-12-05,28.1175,7.11,136,en,,Action; Drama; Thriller,Action
1387382,movie,Hunting Season,2025-12-05,28.1175,7.11,136,en,,Action; Drama; Thriller,Drama
1387382,movie,Hunting Season,2025-12-05,28.1175,7.11,136,en,,Action; Drama; Thriller,Thriller
259856,tv,Salvador,2026-02-06,27.8612,6.593,27,es,ES,Drama; Mystery,Drama
259856,tv,Salvador,2026-02-06,27.8612,6.593,27,es,ES,Drama; Mystery,Mystery
280948,tv,Spring Fever,2026-01-05,27.6582,7.828,29,ko,KR,Comedy; Drama,Comedy
280948,tv,Spring Fever,2026-01-05,27.6582,7.828,29,ko,KR,Comedy; Drama,Drama
1218925,movie,Chainsaw Man - The Movie: Reze Arc,2025-09-19,27.5386,8.346,718,ja,,Animation; Action; Romance; Fantasy,Animation
1218925,movie,Chainsaw Man - The Movie: Reze Arc,2025-09-19,27.5386,8.346,718,ja,,Animation; Action; Romance; Fantasy,Action
1218925,movie,Chainsaw Man - The Movie: Reze Arc,2025-09-19,27.5386,8.346,718,ja,,Animation; Action; Romance; Fantasy,Romance
1218925,movie,Chainsaw Man - The Movie: Reze Arc,2025-09-19,27.5386,8.346,718,ja,,Animation; Action; Romance; Fantasy,Fantasy
1214931,movie,Nuremberg,2025-11-06,27.4476,7.3,602,en,,History; Drama,History
1214931,movie,Nuremberg,2025-11-06,27.4476,7.3,602,en,,History; Drama,Drama
1549519,movie,Sex Trip,2026-02-20,27.0239,0.0,0,tl,,Drama,Drama
1305781,movie,Blades of the Guardians,2026-02-17,26.968,7.5,6,zh,,Action; Drama; History,Action
1305781,movie,Blades of the Guardians,2026-02-17,26.968,7.5,6,zh,,Action; Drama; History,Drama
1305781,movie,Blades of the Guardians,2026-02-17,26.968,7.5,6,zh,,Action; Drama; History,History
287231,tv,Vanished,2026-02-01,26.5307,7.6,18,en,US,Drama; Mystery,Drama
287231,tv,Vanished,2026-02-01,26.5307,7.6,18,en,US,Drama; Mystery,Mystery
1364904,movie,A Useful Ghost,2025-08-27,26.4285,6.432,22,th,,Comedy; Drama; Fantasy,Comedy
1364904,movie,A Useful Ghost,2025-08-27,26.4285,6.432,22,th,,Comedy; Drama; Fantasy,Drama
1364904,movie,A Useful Ghost,2025-08-27,26.4285,6.432,22,th,,Comedy; Drama; Fantasy,Fantasy
312182,tv,El Mochaorejas,2026-01-23,26.0431,7.818,33,es,MX,Drama; Crime,Drama
312182,tv,El Mochaorejas,2026-01-23,26.0431,7.818,33,es,MX,Drama; Crime,Crime
270600,tv,The 'Burbs,2026-02-08,25.9335,4.3,37,en,US,Comedy; Mystery,Comedy
270600,tv,The 'Burbs,2026-02-08,25.9335,4.3,37,en,US,Comedy; Mystery,Mystery
1208348,movie,Rental Family,2025-11-20,25.7359,7.8,406,en,,Drama; Comedy,Drama
1208348,movie,Rental Family,2025-11-20,25.7359,7.8,406,en,,Drama; Comedy,Comedy
1412598,movie,Killer Whale,2026-01-16,25.4705,5.754,59,en,,Thriller; Horror; Action; Mystery; Science Fiction,Thriller
1412598,movie,Killer Whale,2026-01-16,25.4705,5.754,59,en,,Thriller; Horror; Action; Mystery; Science Fiction,Horror
1412598,movie,Killer Whale,2026-01-16,25.4705,5.754,59,en,,Thriller; Horror; Action; Mystery; Science Fiction,Action
1412598,movie,Killer Whale,2026-01-16,25.4705,5.754,59,en,,Thriller; Horror; Action; Mystery; Science Fiction,Mystery
1412598,movie,Killer Whale,2026-01-16,25.4705,5.754,59,en,,Thriller; Horror; Action; Mystery; Science Fiction,Science Fiction
309280,tv,Baddies USA,2025-11-23,25.2945,9.5,10,en,US,Reality,Reality
1454741,movie,The Confession,2026-01-08,24.8238,5.783,23,en,,Horror,Horror
1083637,movie,Kantara - A Legend: Chapter 1,2025-10-01,24.0627,7.017,58,kn,,Action; Drama; Fantasy,Action
1083637,movie,Kantara - A Legend: Chapter 1,2025-10-01,24.0627,7.017,58,kn,,Action; Drama; Fantasy,Drama
1083637,movie,Kantara - A Legend: Chapter 1,2025-10-01,24.0627,7.017,58,kn,,Action; Drama; Fantasy,Fantasy
701387,movie,Bugonia,2025-10-23,23.759,7.366,1440,en,,Science Fiction; Thriller; Comedy,Science Fiction
701387,movie,Bugonia,2025-10-23,23.759,7.366,1440,en,,Science Fiction; Thriller; Comedy,Thriller
701387,movie,Bugonia,2025-10-23,23.759,7.366,1440,en,,Science Fiction; Thriller; Comedy,Comedy
246386,tv,All Her Fault,2025-11-07,23.7501,8.095,201,en,GB,Mystery; Crime,Mystery
246386,tv,All Her Fault,2025-11-07,23.7501,8.095,201,en,GB,Mystery; Crime,Crime
280632,tv,How Dare You!?,2026-02-06,23.7455,8.5,6,zh,CN,Drama; Mystery; Comedy,Drama
280632,tv,How Dare You!?,2026-02-06,23.7455,8.5,6,zh,CN,Drama; Mystery; Comedy,Mystery
280632,tv,How Dare You!?,2026-02-06,23.7455,8.5,6,zh,CN,Drama; Mystery; Comedy,Comedy
1259102,movie,Eternity,2025-11-26,23.7352,7.0,457,en,,Romance; Comedy; Drama,Romance
1259102,movie,Eternity,2025-11-26,23.7352,7.0,457,en,,Romance; Comedy; Drama,Comedy
1259102,movie,Eternity,2025-11-26,23.7352,7.0,457,en,,Romance; Comedy; Drama,Drama
259731,tv,HIS & HERS,2026-01-08,23.6203,7.191,299,en,US,Drama; Crime; Mystery,Drama
259731,tv,HIS & HERS,2026-01-08,23.6203,7.191,299,en,US,Drama; Crime; Mystery,Crime
259731,tv,HIS & HERS,2026-01-08,23.6203,7.191,299,en,US,Drama; Crime; Mystery,Mystery
1116201,movie,Iron Lung,2026-01-30,23.5917,7.421,95,en,,Horror; Science Fiction; Mystery,Horror
1116201,movie,Iron Lung,2026-01-30,23.5917,7.421,95,en,,Horror; Science Fiction; Mystery,Science Fiction
1116201,movie,Iron Lung,2026-01-30,23.5917,7.421,95,en,,Horror; Science Fiction; Mystery,Mystery
302658,tv,Founder: Orhan,2025-10-29,22.8865,9.5,2,tr,TR,Drama; Action & Adventure; War & Politics,Drama
302658,tv,Founder: Orhan,2025-10-29,22.8865,9.5,2,tr,TR,Drama; Action & Adventure; War & Politics,Action & Adventure
302658,tv,Founder: Orhan,2025-10-29,22.8865,9.5,2,tr,TR,Drama; Action & Adventure; War & Politics,War & Politics
309328,tv,Shadows of Love,2026-01-28,22.6314,9.0,2,tr,TR,Drama; Action & Adventure,Drama
309328,tv,Shadows of Love,2026-01-28,22.6314,9.0,2,tr,TR,Drama; Action & Adventure,Action & Adventure
279136,tv,Love Between Lines,2026-01-09,22.4911,8.0,13,zh,CN,Drama; Mystery,Drama
279136,tv,Love Between Lines,2026-01-09,22.4911,8.0,13,zh,CN,Drama; Mystery,Mystery
297424,tv,Our Universe,2026-02-04,22.4103,9.5,4,ko,KR,Comedy; Drama,Comedy
297424,tv,Our Universe,2026-02-04,22.4103,9.5,4,ko,KR,Comedy; Drama,Drama
304774,tv,The Eighth Family,2025-11-19,22.1443,8.0,5,tr,TR,Comedy; Drama,Comedy
304774,tv,The Eighth Family,2025-11-19,22.1443,8.0,5,tr,TR,Comedy; Drama,Drama
1291608,movie,Dhurandhar,2025-12-05,22.0222,6.9,200,hi,,Action; Crime; Thriller,Action
1291608,movie,Dhurandhar,2025-12-05,22.0222,6.9,200,hi,,Action; Crime; Thriller,Crime
1291608,movie,Dhurandhar,2025-12-05,22.0222,6.9,200,hi,,Action; Crime; Thriller,Thriller
696393,movie,Cold Storage,2026-01-29,22.0045,6.348,23,en,,Comedy; Horror; Science Fiction,Comedy
696393,movie,Cold Storage,2026-01-29,22.0045,6.348,23,en,,Comedy; Horror; Science Fiction,Horror
696393,movie,Cold Storage,2026-01-29,22.0045,6.348,23,en,,Comedy; Horror; Science Fiction,Science Fiction
1466115,movie,Even If This Love Disappears Tonight,2025-12-24,21.6585,8.074,68,ko,,Romance; Drama,Romance
1466115,movie,Even If This Love Disappears Tonight,2025-12-24,21.6585,8.074,68,ko,,Romance; Drama,Drama
1363123,movie,The Family Plan 2,2025-11-11,21.5994,6.535,500,en,,Action; Comedy,Action
1363123,movie,The Family Plan 2,2025-11-11,21.5994,6.535,500,en,,Action; Comedy,Comedy
302063,tv,Deep in Love,2025-10-10,21.3824,7.8,9,tr,TR,Drama; Family; Soap,Drama
302063,tv,Deep in Love,2025-10-10,21.3824,7.8,9,tr,TR,Drama; Family; Soap,Family
302063,tv,Deep in Love,2025-10-10,21.3824,7.8,9,tr,TR,Drama; Family; Soap,Soap
1291335,movie,Solo Mio,2026-02-05,21.3428,8.2,5,en,,Romance; Comedy,Romance
1291335,movie,Solo Mio,2026-02-05,21.3428,8.2,5,en,,Romance; Comedy,Comedy
1147411,movie,"Miraculous World: Tokyo, Stellar Force",2025-12-07,21.2552,8.7,20,fr,,Animation; Family; Action; Adventure,Animation
1147411,movie,"Miraculous World: Tokyo, Stellar Force",2025-12-07,21.2552,8.7,20,fr,,Animation; Family; Action; Adventure,Family
1147411,movie,"Miraculous World: Tokyo, Stellar Force",2025-12-07,21.2552,8.7,20,fr,,Animation; Family; Action; Adventure,Action
1147411,movie,"Miraculous World: Tokyo, Stellar Force",2025-12-07,21.2552,8.7,20,fr,,Animation; Family; Action; Adventure,Adventure
1038392,movie,The Conjuring: Last Rites,2025-09-03,21.1888,6.909,1642,en,,Horror,Horror
278043,tv,You and I Are Polar Opposites,2026-01-11,20.7205,8.7,13,ja,JP,Animation; Comedy,Animation
278043,tv,You and I Are Polar Opposites,2026-01-11,20.7205,8.7,13,ja,JP,Animation; Comedy,Comedy
221079,tv,The Last Frontier,2025-10-09,20.5887,7.175,163,en,US,Drama; Crime,Drama
221079,tv,The Last Frontier,2025-10-09,20.5887,7.175,163,en,US,Drama; Crime,Crime
271855,tv,Sandokan,2025-12-01,20.5295,7.553,38,en,IT,Action & Adventure; Drama; War & Politics,Action & Adventure
271855,tv,Sandokan,2025-12-01,20.5295,7.553,38,en,IT,Action & Adventure; Drama; War & Politics,Drama
271855,tv,Sandokan,2025-12-01,20.5295,7.553,38,en,IT,Action & Adventure; Drama; War & Politics,War & Politics
288589,tv,Easygoing Territory Defense by the Optimistic Lord,2026-01-10,20.4904,7.2,4,ja,JP,Animation; Action & Adventure; Sci-Fi & Fantasy,Animation
288589,tv,Easygoing Territory Defense by the Optimistic Lord,2026-01-10,20.4904,7.2,4,ja,JP,Animation; Action & Adventure; Sci-Fi & Fantasy,Action & Adventure
288589,tv,Easygoing Territory Defense by the Optimistic Lord,2026-01-10,20.4904,7.2,4,ja,JP,Animation; Action & Adventure; Sci-Fi & Fantasy,Sci-Fi & Fantasy
229891,tv,Can This Love Be Translated?,2026-01-16,20.2623,8.592,76,ko,KR,Drama; Comedy,Drama
229891,tv,Can This Love Be Translated?,2026-01-16,20.2623,8.592,76,ko,KR,Drama; Comedy,Comedy
262928,tv,Love in the Clouds,2025-10-08,20.172,8.3,26,zh,CN,Drama; Sci-Fi & Fantasy,Drama
262928,tv,Love in the Clouds,2025-10-08,20.172,8.3,26,zh,CN,Drama; Sci-Fi & Fantasy,Sci-Fi & Fantasy
279446,tv,Swords Into Plowshares,2026-01-23,20.1566,8.889,9,zh,CN,Drama,Drama
1180831,movie,Troll 2,2025-11-30,19.8823,6.528,409,no,,Action; Fantasy; Thriller,Action
1180831,movie,Troll 2,2025-11-30,19.8823,6.528,409,no,,Action; Fantasy; Thriller,Fantasy
1180831,movie,Troll 2,2025-11-30,19.8823,6.528,409,no,,Action; Fantasy; Thriller,Thriller
1248226,movie,Playdate,2025-11-05,19.747,6.021,510,en,,Action; Comedy; Family,Action
1248226,movie,Playdate,2025-11-05,19.747,6.021,510,en,,Action; Comedy; Family,Comedy
1248226,movie,Playdate,2025-11-05,19.747,6.021,510,en,,Action; Comedy; Family,Family
1327862,movie,Regretting You,2025-10-22,19.5642,6.891,299,en,,Romance; Drama,Romance
1327862,movie,Regretting You,2025-10-22,19.5642,6.891,299,en,,Romance; Drama,Drama
303724,tv,Heart Code,2026-02-12,19.2239,8.0,1,th,TH,Drama; Action & Adventure,Drama
303724,tv,Heart Code,2026-02-12,19.2239,8.0,1,th,TH,Drama; Action & Adventure,Action & Adventure
271609,tv,DARK MOON: THE BLOOD ALTAR,2026-01-10,19.1604,8.35,20,ja,JP,Animation; Sci-Fi & Fantasy,Animation
271609,tv,DARK MOON: THE BLOOD ALTAR,2026-01-10,19.1604,8.35,20,ja,JP,Animation; Sci-Fi & Fantasy,Sci-Fi & Fantasy
1288072,movie,Keeper,2025-11-12,18.9099,5.535,127,en,,Horror; Mystery,Horror
1288072,movie,Keeper,2025-11-12,18.9099,5.535,127,en,,Horror; Mystery,Mystery
310024,tv,Bloody Flower,2026-02-04,18.766,8.0,2,ko,KR,Crime,Crime
1197137,movie,Black Phone 2,2025-10-15,18.4845,6.764,919,en,,Horror; Thriller,Horror
1197137,movie,Black Phone 2,2025-10-15,18.4845,6.764,919,en,,Horror; Thriller,Thriller
312175,tv,The Secret Friends Club,2026-02-01,18.3452,6.0,1,ko,KR,Reality,Reality
219760,tv,The Terminal List: Dark Wolf,2025-08-27,18.0949,7.47,203,en,US,Action & Adventure; Drama,Action & Adventure
219760,tv,The Terminal List: Dark Wolf,2025-08-27,18.0949,7.47,203,en,US,Action & Adventure; Drama,Drama
812583,movie,Wake Up Dead Man: A Knives Out Mystery,2025-11-26,18.0857,7.212,2082,en,,Thriller; Mystery; Comedy,Thriller
812583,movie,Wake Up Dead Man: A Knives Out Mystery,2025-11-26,18.0857,7.212,2082,en,,Thriller; Mystery; Comedy,Mystery
812583,movie,Wake Up Dead Man: A Knives Out Mystery,2025-11-26,18.0857,7.212,2082,en,,Thriller; Mystery; Comedy,Comedy
801937,movie,"Silent Night, Deadly Night",2025-12-11,18.0108,6.2,81,en,,Horror; Thriller,Horror
801937,movie,"Silent Night, Deadly Night",2025-12-11,18.0108,6.2,81,en,,Horror; Thriller,Thriller
291339,tv,Memory of a Killer,2026-01-25,17.9595,7.6,19,en,US,Crime; Drama,Crime
291339,tv,Memory of a Killer,2026-01-25,17.9595,7.6,19,en,US,Crime; Drama,Drama
280049,tv,Hell Mode: The Hardcore Gamer Dominates in Another World with Garbage Balancing,2026-01-10,17.8141,10.0,2,ja,JP,Animation; Action & Adventure; Sci-Fi & Fantasy,Animation
280049,tv,Hell Mode: The Hardcore Gamer Dominates in Another World with Garbage Balancing,2026-01-10,17.8141,10.0,2,ja,JP,Animation; Action & Adventure; Sci-Fi & Fantasy,Action & Adventure
280049,tv,Hell Mode: The Hardcore Gamer Dominates in Another World with Garbage Balancing,2026-01-10,17.8141,10.0,2,ja,JP,Animation; Action & Adventure; Sci-Fi & Fantasy,Sci-Fi & Fantasy
285291,tv,Reincarnated as a Dragon Hatchling,2026-01-10,17.7569,9.2,4,ja,JP,Animation; Action & Adventure; Sci-Fi & Fantasy,Animation
285291,tv,Reincarnated as a Dragon Hatchling,2026-01-10,17.7569,9.2,4,ja,JP,Animation; Action & Adventure; Sci-Fi & Fantasy,Action & Adventure
285291,tv,Reincarnated as a Dragon Hatchling,2026-01-10,17.7569,9.2,4,ja,JP,Animation; Action & Adventure; Sci-Fi & Fantasy,Sci-Fi & Fantasy
303453,tv,Last Frame,2026-01-16,17.746,0.0,0,tr,TR,Drama,Drama
1575337,movie,Cosmic Princess Kaguya!,2026-01-22,17.729,8.3,50,ja,,Animation; Fantasy; Music; Science Fiction,Animation
1575337,movie,Cosmic Princess Kaguya!,2026-01-22,17.729,8.3,50,ja,,Animation; Fantasy; Music; Science Fiction,Fantasy
1575337,movie,Cosmic Princess Kaguya!,2026-01-22,17.729,8.3,50,ja,,Animation; Fantasy; Music; Science Fiction,Music
1575337,movie,Cosmic Princess Kaguya!,2026-01-22,17.729,8.3,50,ja,,Animation; Fantasy; Music; Science Fiction,Science Fiction
1242419,movie,Roofman,2025-10-08,17.5949,7.152,539,en,,Crime; Comedy; Drama,Crime
1242419,movie,Roofman,2025-10-08,17.5949,7.152,539,en,,Crime; Comedy; Drama,Comedy
1242419,movie,Roofman,2025-10-08,17.5949,7.152,539,en,,Crime; Comedy; Drama,Drama
1422096,movie,Good Boy,2025-10-01,17.5778,6.709,521,en,,Horror,Horror
1601797,movie,¿Quieres Ser Mi Novia?,2026-02-12,17.5404,6.0,1,es,,Comedy; Romance,Comedy
1601797,movie,¿Quieres Ser Mi Novia?,2026-02-12,17.5404,6.0,1,es,,Comedy; Romance,Romance
1156594,movie,Our Fault,2025-10-15,17.4121,7.372,609,es,,Romance; Drama,Romance
1156594,movie,Our Fault,2025-10-15,17.4121,7.372,609,es,,Romance; Drama,Drama
252414,tv,Whispers of Fate,2025-10-24,17.2884,7.667,15,zh,CN,Drama; Mystery; Sci-Fi & Fantasy,Drama
252414,tv,Whispers of Fate,2025-10-24,17.2884,7.667,15,zh,CN,Drama; Mystery; Sci-Fi & Fantasy,Mystery
252414,tv,Whispers of Fate,2025-10-24,17.2884,7.667,15,zh,CN,Drama; Mystery; Sci-Fi & Fantasy,Sci-Fi & Fantasy
1309012,movie,Altered,2025-09-18,17.1846,5.927,89,en,,Science Fiction; Action,Science Fiction
1309012,movie,Altered,2025-09-18,17.1846,5.927,89,en,,Science Fiction; Action,Action
1206008,movie,Ella McCay,2025-12-11,17.1326,5.709,74,en,,Comedy; Drama,Comedy
1206008,movie,Ella McCay,2025-12-11,17.1326,5.709,74,en,,Comedy; Drama,Drama
293608,tv,Undercover Miss Hong,2026-01-17,17.026,7.2,5,ko,KR,Crime; Comedy; Drama,Crime
293608,tv,Undercover Miss Hong,2026-01-17,17.026,7.2,5,ko,KR,Crime; Comedy; Drama,Comedy
293608,tv,Undercover Miss Hong,2026-01-17,17.026,7.2,5,ko,KR,Crime; Comedy; Drama,Drama
1429605,movie,F Valentine's Day,2026-02-12,16.9314,6.0,39,en,,Romance; Comedy,Romance
1429605,movie,F Valentine's Day,2026-02-12,16.9314,6.0,39,en,,Romance; Comedy,Comedy
278127,tv,Unveil: Jadewind,2026-02-05,16.8607,6.5,2,zh,CN,Drama; Mystery,Drama
278127,tv,Unveil: Jadewind,2026-02-05,16.8607,6.5,2,zh,CN,Drama; Mystery,Mystery
311281,tv,Tozkoparan İskender: Kaos,2026-01-16,16.8132,0.0,0,tr,TR,Family; Action & Adventure,Family
311281,tv,Tozkoparan İskender: Kaos,2026-01-16,16.8132,0.0,0,tr,TR,Family; Action & Adventure,Action & Adventure
282810,tv,The Judge Returns,2026-01-02,16.6437,7.5,6,ko,KR,Crime; Sci-Fi & Fantasy; Drama,Crime
282810,tv,The Judge Returns,2026-01-02,16.6437,7.5,6,ko,KR,Crime; Sci-Fi & Fantasy; Drama,Sci-Fi & Fantasy
282810,tv,The Judge Returns,2026-01-02,16.6437,7.5,6,ko,KR,Crime; Sci-Fi & Fantasy; Drama,Drama
967941,movie,Wicked: For Good,2025-11-19,16.5358,6.7,819,en,,Fantasy; Adventure; Romance,Fantasy
967941,movie,Wicked: For Good,2025-11-19,16.5358,6.7,819,en,,Fantasy; Adventure; Romance,Adventure
967941,movie,Wicked: For Good,2025-11-19,16.5358,6.7,819,en,,Fantasy; Adventure; Romance,Romance
1515615,movie,Kissing Is the Easy Part,2026-02-13,16.5205,7.8,11,en,,Romance; Comedy,Romance
1515615,movie,Kissing Is the Easy Part,2026-02-13,16.5205,7.8,11,en,,Romance; Comedy,Comedy
307959,tv,LBW: Love Beyond Wicket,2026-01-01,16.3965,0.0,0,ta,IN,Drama; Comedy,Drama
307959,tv,LBW: Love Beyond Wicket,2026-01-01,16.3965,0.0,0,ta,IN,Drama; Comedy,Comedy
281401,tv,Finding Her Edge,2026-01-22,16.251,7.633,45,en,CA,Drama,Drama
286801,tv,Monster: The Ed Gein Story,2025-10-03,16.2399,7.241,458,en,US,Drama; Crime,Drama
286801,tv,Monster: The Ed Gein Story,2025-10-03,16.2399,7.241,458,en,US,Drama; Crime,Crime
281161,tv,"Noble Reincarnation: Born Blessed, So I'll Obtain Ultimate Power",2026-01-08,16.1783,8.1,7,ja,JP,Animation; Action & Adventure; Sci-Fi & Fantasy,Animation
281161,tv,"Noble Reincarnation: Born Blessed, So I'll Obtain Ultimate Power",2026-01-08,16.1783,8.1,7,ja,JP,Animation; Action & Adventure; Sci-Fi & Fantasy,Action & Adventure
281161,tv,"Noble Reincarnation: Born Blessed, So I'll Obtain Ultimate Power",2026-01-08,16.1783,8.1,7,ja,JP,Animation; Action & Adventure; Sci-Fi & Fantasy,Sci-Fi & Fantasy
308482,tv,Taskaree: The Smuggler's Web,2026-01-14,15.7503,7.2,18,hi,IN,Crime; Mystery; Drama,Crime
308482,tv,Taskaree: The Smuggler's Web,2026-01-14,15.7503,7.2,18,hi,IN,Crime; Mystery; Drama,Mystery
308482,tv,Taskaree: The Smuggler's Web,2026-01-14,15.7503,7.2,18,hi,IN,Crime; Mystery; Drama,Drama
306118,tv,Bound by Fate,2025-11-21,15.6228,9.8,10,tr,TR,Drama; Family,Drama
306118,tv,Bound by Fate,2025-11-21,15.6228,9.8,10,tr,TR,Drama; Family,Family
288577,tv,Room of Guilty Pleasure,2025-10-06,15.6182,5.7,3,ja,JP,Animation,Animation
276393,tv,Tamon's B-Side,2026-01-04,15.3349,7.6,13,ja,JP,Animation; Comedy,Animation
276393,tv,Tamon's B-Side,2026-01-04,15.3349,7.6,13,ja,JP,Animation; Comedy,Comedy
300388,tv,Sins and Roses,2025-10-11,15.2146,9.0,4,tr,TR,Drama,Drama
303911,tv,Meri Zindagi Hai Tu,2025-11-07,15.1476,10.0,1,ur,PK,Drama; Family,Drama
303911,tv,Meri Zindagi Hai Tu,2025-11-07,15.1476,10.0,1,ur,PK,Drama; Family,Family
270420,tv,No Tail to Tell,2026-01-16,15.0649,8.083,12,ko,KR,Sci-Fi & Fantasy; Comedy; Drama,Sci-Fi & Fantasy
270420,tv,No Tail to Tell,2026-01-16,15.0649,8.083,12,ko,KR,Sci-Fi & Fantasy; Comedy; Drama,Comedy
270420,tv,No Tail to Tell,2026-01-16,15.0649,8.083,12,ko,KR,Sci-Fi & Fantasy; Comedy; Drama,Drama
263034,tv,The Journey of Legend,2025-09-11,14.454,6.76,25,zh,CN,Drama,Drama
298954,tv,Antigang,2025-09-08,14.4537,7.5,2,fr,CA,Drama; Crime,Drama
298954,tv,Antigang,2025-09-08,14.4537,7.5,2,fr,CA,Drama; Crime,Crime
252193,tv,Last Samurai Standing,2025-11-13,14.4273,7.8,180,ja,JP,Action & Adventure; Drama,Action & Adventure
252193,tv,Last Samurai Standing,2025-11-13,14.4273,7.8,180,ja,JP,Action & Adventure; Drama,Drama
278165,tv,Me and Thee,2025-11-15,14.4163,9.0,10,th,TH,Comedy; Drama,Comedy
278165,tv,Me and Thee,2025-11-15,14.4163,9.0,10,th,TH,Comedy; Drama,Drama
261663,tv,Blood River,2025-10-20,14.3147,7.292,24,zh,CN,Drama; Action & Adventure; Sci-Fi & Fantasy,Drama
261663,tv,Blood River,2025-10-20,14.3147,7.292,24,zh,CN,Drama; Action & Adventure; Sci-Fi & Fantasy,Action & Adventure
261663,tv,Blood River,2025-10-20,14.3147,7.292,24,zh,CN,Drama; Action & Adventure; Sci-Fi & Fantasy,Sci-Fi & Fantasy
250504,tv,The Beast in Me,2025-11-13,14.2517,7.122,193,en,US,Drama; Mystery,Drama
250504,tv,The Beast in Me,2025-11-13,14.2517,7.122,193,en,US,Drama; Mystery,Mystery
157194,tv,Pole to Pole with Will Smith,2026-01-13,14.2441,6.143,21,en,US,Documentary,Documentary
239385,tv,The Manipulated,2025-11-05,13.8598,8.329,85,ko,KR,Crime; Drama,Crime
239385,tv,The Manipulated,2025-11-05,13.8598,8.329,85,ko,KR,Crime; Drama,Drama
238458,tv,Cashero,2025-12-26,13.6326,7.262,63,ko,KR,Action & Adventure; Drama,Action & Adventure
238458,tv,Cashero,2025-12-26,13.6326,7.262,63,ko,KR,Action & Adventure; Drama,Drama
304371,tv,War of the Kingdoms,2025-11-06,13.5669,6.667,18,de,DE,Action & Adventure; Sci-Fi & Fantasy; Drama,Action & Adventure
304371,tv,War of the Kingdoms,2025-11-06,13.5669,6.667,18,de,DE,Action & Adventure; Sci-Fi & Fantasy; Drama,Sci-Fi & Fantasy
304371,tv,War of the Kingdoms,2025-11-06,13.5669,6.667,18,de,DE,Action & Adventure; Sci-Fi & Fantasy; Drama,Drama
152401,tv,Madam Beja,2026-02-02,13.5222,6.3,7,pt,BR,Drama; Soap,Drama
152401,tv,Madam Beja,2026-02-02,13.5222,6.3,7,pt,BR,Drama; Soap,Soap
228305,tv,Task,2025-09-07,13.488,6.801,276,en,US,Crime; Drama,Crime
228305,tv,Task,2025-09-07,13.488,6.801,276,en,US,Crime; Drama,Drama
269160,tv,Cash Queens,2026-02-05,13.4206,5.7,17,fr,FR,Comedy; Action & Adventure; Drama,Comedy
269160,tv,Cash Queens,2026-02-05,13.4206,5.7,17,fr,FR,Comedy; Action & Adventure; Drama,Action & Adventure
269160,tv,Cash Queens,2026-02-05,13.4206,5.7,17,fr,FR,Comedy; Action & Adventure; Drama,Drama
298629,tv,Halef,2025-09-18,13.3628,7.0,6,tr,TR,Drama,Drama
278882,tv,No Pain No Gain,2026-01-31,13.3566,8.5,4,zh,CN,Comedy; Drama; Sci-Fi & Fantasy,Comedy
278882,tv,No Pain No Gain,2026-01-31,13.3566,8.5,4,zh,CN,Comedy; Drama; Sci-Fi & Fantasy,Drama
278882,tv,No Pain No Gain,2026-01-31,13.3566,8.5,4,zh,CN,Comedy; Drama; Sci-Fi & Fantasy,Sci-Fi & Fantasy
281011,tv,Would You Marry Me?,2025-10-10,13.3131,7.72,50,ko,KR,Comedy; Drama,Comedy
281011,tv,Would You Marry Me?,2025-10-10,13.3131,7.72,50,ko,KR,Comedy; Drama,Drama
272484,tv,Fated Hearts,2025-10-02,13.238,9.4,11,zh,CN,Drama; Mystery,Drama
272484,tv,Fated Hearts,2025-10-02,13.238,9.4,11,zh,CN,Drama; Mystery,Mystery
259886,tv,The War Between the Land and the Sea,2025-12-07,13.1639,6.908,87,en,GB,Sci-Fi & Fantasy; Drama,Sci-Fi & Fantasy
259886,tv,The War Between the Land and the Sea,2025-12-07,13.1639,6.908,87,en,GB,Sci-Fi & Fantasy; Drama,Drama
281538,tv,Silent Honor,2025-09-30,13.0803,7.6,8,zh,CN,Drama,Drama
275631,tv,The Unusual Prosecutor,2026-01-19,12.8975,7.0,1,cn,HK,Drama,Drama
311025,tv,Affinity,2026-01-22,12.8882,7.6,5,zh,CN,Sci-Fi & Fantasy; Drama,Sci-Fi & Fantasy
311025,tv,Affinity,2026-01-22,12.8882,7.6,5,zh,CN,Sci-Fi & Fantasy; Drama,Drama
278635,tv,"My Gift Lvl 9999 Unlimited Gacha: Backstabbed in a Backwater Dungeon, I'm Out for Revenge!",2025-10-03,12.7261,8.3,53,ja,JP,Animation; Action & Adventure; Sci-Fi & Fantasy; Drama,Animation
278635,tv,"My Gift Lvl 9999 Unlimited Gacha: Backstabbed in a Backwater Dungeon, I'm Out for Revenge!",2025-10-03,12.7261,8.3,53,ja,JP,Animation; Action & Adventure; Sci-Fi & Fantasy; Drama,Action & Adventure
278635,tv,"My Gift Lvl 9999 Unlimited Gacha: Backstabbed in a Backwater Dungeon, I'm Out for Revenge!",2025-10-03,12.7261,8.3,53,ja,JP,Animation; Action & Adventure; Sci-Fi & Fantasy; Drama,Sci-Fi & Fantasy
278635,tv,"My Gift Lvl 9999 Unlimited Gacha: Backstabbed in a Backwater Dungeon, I'm Out for Revenge!",2025-10-03,12.7261,8.3,53,ja,JP,Animation; Action & Adventure; Sci-Fi & Fantasy; Drama,Drama
245648,tv,Billionaires' Bunker,2025-09-19,12.6851,6.388,120,es,ES,Sci-Fi & Fantasy; Drama; Mystery,Sci-Fi & Fantasy
245648,tv,Billionaires' Bunker,2025-09-19,12.6851,6.388,120,es,ES,Sci-Fi & Fantasy; Drama; Mystery,Drama
245648,tv,Billionaires' Bunker,2025-09-19,12.6851,6.388,120,es,ES,Sci-Fi & Fantasy; Drama; Mystery,Mystery
278146,tv,Dare You to Death,2025-12-18,12.6143,9.9,8,th,TH,Mystery; Crime; Drama,Mystery
278146,tv,Dare You to Death,2025-12-18,12.6143,9.9,8,th,TH,Mystery; Crime; Drama,Crime
278146,tv,Dare You to Death,2025-12-18,12.6143,9.9,8,th,TH,Mystery; Crime; Drama,Drama
295366,tv,"There Was a Cute Girl in the Hero's Party, So I Tried Confessing to Her",2026-01-06,12.5676,8.6,5,ja,JP,Animation; Action & Adventure; Comedy; Sci-Fi & Fantasy,Animation
295366,tv,"There Was a Cute Girl in the Hero's Party, So I Tried Confessing to Her",2026-01-06,12.5676,8.6,5,ja,JP,Animation; Action & Adventure; Comedy; Sci-Fi & Fantasy,Action & Adventure
295366,tv,"There Was a Cute Girl in the Hero's Party, So I Tried Confessing to Her",2026-01-06,12.5676,8.6,5,ja,JP,Animation; Action & Adventure; Comedy; Sci-Fi & Fantasy,Comedy
295366,tv,"There Was a Cute Girl in the Hero's Party, So I Tried Confessing to Her",2026-01-06,12.5676,8.6,5,ja,JP,Animation; Action & Adventure; Comedy; Sci-Fi & Fantasy,Sci-Fi & Fantasy
255064,tv,The Darwin Incident,2026-01-07,12.4871,8.6,15,ja,JP,Animation; Sci-Fi & Fantasy,Animation
255064,tv,The Darwin Incident,2026-01-07,12.4871,8.6,15,ja,JP,Animation; Sci-Fi & Fantasy,Sci-Fi & Fantasy
