id,media_type,title,date,popularity,vote_average,vote_count,original_language,genres,overview,poster_path,backdrop_path,tmdb_url,week
1062722,movie,Frankenstein,2025-10-17,664.2854,7.877,1360,en,Drama; Horror; Fantasy,"Dr. Victor Frankenstein, a brilliant but egotistical scientist, brings a creature to life in a monstrous experiment that ultimately leads to the undoing of both the creator and his tragic creation.",/g4JtvGlQO7DByTI6frUobqvSL3R.jpg,/hpXBJxLD2SEf8l2CspmSeiHrBKX.jpg,https://www.themoviedb.org/movie/1062722,2025-11-17
1248226,movie,Playdate,2025-11-05,417.0737,6.615,157,en,Action; Comedy; Family,"When out-of-work accountant Brian joins stay-at-home dad Jeff for a playdate with their sons, he expects a laid-back afternoon. Instead, they're chased by mercenaries, and Brian—totally unprepared—must survive one absurd obstacle after another.",/fGodXWqJkkkbSebPIlxLSygV8GY.jpg,/5lQ4euO30sDin5nCifvi0vURFNd.jpg,https://www.themoviedb.org/movie/1248226,2025-11-17
1054867,movie,One Battle After Another,2025-09-23,412.6982,7.606,1360,en,Action; Thriller; Crime,"Washed-up revolutionary Bob exists in a state of stoned paranoia, surviving off-grid with his spirited, self-reliant daughter, Willa. When his evil nemesis resurfaces after 16 years and she goes missing, the former radical scrambles to find her, father and daughter both battling the consequences of his past.",/m1jFoahEbeQXtx4zArT2FKdbNIj.jpg,/jUPCUYoVdTGa5DBSxOTAriLWqmW.jpg,https://www.themoviedb.org/movie/1054867,2025-11-17
200875,tv,IT: Welcome to Derry,2025-10-26,286.8641,7.9,367,en,Drama; Mystery,"In 1962, a couple with their son move to Derry, Maine just as a young boy disappears. With their arrival, very bad things begin to happen in the town.",/nyy3BITeIjviv6PFIXtqvc8i6xi.jpg,/2fOKVDoc2O3eZmBZesWPuE5kgPN.jpg,https://www.themoviedb.org/tv/200875,2025-11-17
1242898,movie,Predator: Badlands,2025-11-05,286.8371,7.349,327,en,Action; Science Fiction; Adventure,"Cast out from his clan, a young Predator finds an unlikely ally in a damaged android and embarks on a treacherous journey in search of the ultimate adversary.",/ef2QSeBkrYhAdfsWGXmp0lvH0T1.jpg,/ebyxeBh56QNXxSJgTnmz7fXAlwk.jpg,https://www.themoviedb.org/movie/1242898,2025-11-17
66732,tv,Stranger Things,2016-07-15,269.6247,8.594,18990,en,Sci-Fi & Fantasy; Mystery; Action & Adventure,"When a young boy vanishes, a small town uncovers a mystery involving secret experiments, terrifying supernatural forces, and one strange little girl.",/cVxVGwHce6xnW8UaVUggaPXbmoE.jpg,/9P4IIMYY3HifqeruZq0ZZ9g7YUi.jpg,https://www.themoviedb.org/tv/66732,2025-11-17
1429738,movie,Tee Yai: Born to Be Bad,2025-11-13,206.8321,7.722,9,th,Crime; Action; Drama,"In 1980s Bangkok, two criminals face rough times when a determined detective strains their bond and hunts down an infamous crew of robbers.",/ig00LBM2rv4fmCJOPATyRWOJnlL.jpg,/xmnqFHhGNYHf5JFy4GSfiIEG0ly.jpg,https://www.themoviedb.org/movie/1429738,2025-11-17
1197137,movie,Black Phone 2,2025-10-15,200.5235,7.089,485,en,Horror; Thriller,"Four years after escaping The Grabber, Finney Blake is struggling with his life after captivity. When his sister Gwen begins receiving calls in her dreams from the black phone and seeing disturbing visions of three boys being stalked at a winter camp, the siblings become determined to solve the mystery and confront a killer who has grown more powerful in death and more significant to them than either could imagine.",/xUWUODKPIilQoFUzjHM6wKJkP3Y.jpg,/6zKjoOOb3OZnZuiHtQZn4Kd69Gq.jpg,https://www.themoviedb.org/movie/1197137,2025-11-17
1311031,movie,Demon Slayer: Kimetsu no Yaiba Infinity Castle,2025-07-18,164.3147,7.8,532,ja,Animation; Action; Fantasy; Thriller,"The Demon Slayer Corps are drawn into the Infinity Castle, where Tanjiro, Nezuko, and the Hashira face terrifying Upper Rank demons in a desperate fight as the final battle against Muzan Kibutsuji begins.",/fWVSwgjpT2D78VUh6X8UBd2rorW.jpg,/1RgPyOhN4DRs225BGTlHJqCudII.jpg,https://www.themoviedb.org/movie/1311031,2025-11-17
71912,tv,The Witcher,2019-12-20,164.2648,7.978,6380,en,Sci-Fi & Fantasy; Drama; Action & Adventure,"Geralt of Rivia, a mutated monster-hunter for hire, journeys toward his destiny in a turbulent world where people often prove more wicked than beasts.",/AoGsDM02UVt0npBA8OvpDcZbaMi.jpg,/foGkPxpw9h8zln81j63mix5B7m8.jpg,https://www.themoviedb.org/tv/71912,2025-11-17
425274,movie,Now You See Me: Now You Don't,2025-11-12,153.298,6.9,94,en,Thriller; Crime; Mystery,"The original Four Horsemen reunite with a new generation of illusionists to take on powerful diamond heiress Veronika Vanderberg, who leads a criminal empire built on money laundering and trafficking. The new and old magicians must overcome their differences to work together on their most ambitious heist yet.",/oD3Eey4e4Z259XLm3eD3WGcoJAh.jpg,/ufqytAlziHq5pljKByGJ8IKhtEZ.jpg,https://www.themoviedb.org/movie/425274,2025-11-17
225171,tv,Pluribus,2025-11-06,150.5319,8.415,101,en,Drama; Sci-Fi & Fantasy,The most miserable person on Earth must save the world from happiness.,/nrM2xFUfKJJEmZzd5d7kohT2G0C.jpg,/ulm1ex4JFYJByyaPyqTr47MFyEQ.jpg,https://www.themoviedb.org/tv/225171,2025-11-17
7451,movie,xXx,2002-08-09,138.4961,5.962,4643,en,Action; Adventure; Thriller; Crime; Drama,"Xander Cage is your standard adrenaline junkie with no fear and a lousy attitude. When the US Government ""recruits"" him to go on a mission, he's not exactly thrilled. His mission: to gather information on an organization that may just be planning the destruction of the world, led by the nihilistic Yorgi.",/xeEw3eLeSFmJgXZzmF2Efww0q3s.jpg,/2OHa6ukEq3Hce7Pc2kvu8wkmMFY.jpg,https://www.themoviedb.org/movie/7451,2025-11-17
1218925,movie,Chainsaw Man - The Movie: Reze Arc,2025-09-19,134.5325,8.2,183,ja,Animation; Action; Romance; Fantasy,"In a brutal war between devils, hunters, and secret enemies, a mysterious girl named Reze has stepped into Denji's world, and he faces his deadliest battle yet, fueled by love in a world where survival knows no rules.",/xdzLBZjCVSEsic7m7nJc4jNJZVW.jpg,/gqTz24ZRsCP6AKjARmEivY7m0cK.jpg,https://www.themoviedb.org/movie/1218925,2025-11-17
252193,tv,Last Samurai Standing,2025-11-13,133.0161,8.542,36,ja,Action & Adventure; Drama,"In the early Meiji era, Shujiro, once known as an undefeated samurai, decides to participate in a deadly survival game to save his family and villagers.",/wKNEFlrs68rzweVzfwkjWmkJqu7.jpg,/vcU8hIHXuADItJSzEmt2F8IMq5l.jpg,https://www.themoviedb.org/tv/252193,2025-11-17
153312,tv,Tulsa King,2022-11-13,125.9942,8.3,2380,en,Crime; Drama; Comedy,"New York mafia capo Dwight ""The General"" Manfredi is released from prison after 25 years and exiled by his boss to set up shop in Tulsa, Oklahoma. Realizing that his mob family may not have his best interests in mind, Dwight slowly builds a crew.",/rOYLWCdAifpUtPlTf1WHxyaxeMt.jpg,/mNHRGO1gFpR2CYZdANe72kcKq7G.jpg,https://www.themoviedb.org/tv/153312,2025-11-17
94954,tv,Hazbin Hotel,2024-01-18,124.8671,8.666,1403,en,Animation; Comedy; Drama; Sci-Fi & Fantasy,"In attempt to find a non-violent alternative for reducing Hell's overpopulation, the daughter of Lucifer opens a rehabilitation hotel that offers a group of misfit demons a chance at redemption.",/aVYHMW8pdzJ9qG1OGRMKyGy9xor.jpg,/tuCU2yVRM2iZxFkpqlPUyvd6tSu.jpg,https://www.themoviedb.org/tv/94954,2025-11-17
1242419,movie,Roofman,2025-10-08,120.9776,7.266,154,en,Comedy; Drama; Crime,"A former Army Ranger and struggling father turns to robbing McDonald’s restaurants by cutting holes in their roofs, earning him the nickname 'Roofman'. After escaping prison, he secretly lives inside a Toys “R” Us for six months, surviving undetected while planning his next move. But when he falls for a divorced mom drawn to his undeniable charm, his double life begins to unravel, setting off a compelling and suspenseful game of cat and mouse as his past closes in.",/uhXxW7EmzZIWFVpbF42r6L2g7Oh.jpg,/2YOnE2qmoyyOUqQsFit12gDSauk.jpg,https://www.themoviedb.org/movie/1242419,2025-11-17
456,tv,The Simpsons,1989-12-17,113.7566,8.012,10437,en,Family; Animation; Comedy,"Set in Springfield, the average American town, the show focuses on the antics and everyday adventures of the Simpson family; Homer, Marge, Bart, Lisa and Maggie, as well as a virtual cast of thousands. Since the beginning, the series has been a pop culture icon, attracting hundreds of celebrities to guest star. The show has also made name for itself in its fearless satirical take on politics, media and American life in general.",/uWpG7GqfKGQqX4YMAo3nv5OrglV.jpg,/jvTeRgjFsp66xj8SWxhr7O2J4ud.jpg,https://www.themoviedb.org/tv/456,2025-11-17
1117857,movie,In Your Dreams,2025-11-07,111.1251,7.109,46,en,Animation; Family; Comedy; Adventure; Fantasy,Stevie and her little brother Elliot journey into the wildly absurd landscape of their own dreams to ask the Sandman to grant them the perfect family.,/np7ZzU2rmUqqIPQ4HtfcC8JLOvS.jpg,/pU9cz8mZjzwyPAcJDPXBlK99BoR.jpg,https://www.themoviedb.org/movie/1117857,2025-11-17
250670,tv,Maxton Hall - The World Between Us,2024-05-09,101.9243,8.353,574,de,Drama,"When Ruby unwittingly witnesses an explosive secret at Maxton Hall private school, the arrogant millionaire heir James Beaufort has to deal with the quick-witted scholarship student for better or worse: He is determined to silence Ruby. Their passionate exchange of words unexpectedly ignites a spark...",/slKAbvY2CjAIyJFqoLSh1WICzg6.jpg,/dkhjP3GK44gkxmKzrgYzHs8hbtf.jpg,https://www.themoviedb.org/tv/250670,2025-11-17
1434,tv,Family Guy,1999-01-31,96.0266,7.393,4707,en,Animation; Comedy,"Sick, twisted, politically incorrect and Freakin' Sweet animated series featuring the adventures of the dysfunctional Griffin family. Bumbling Peter and long-suffering Lois have three kids. Stewie (a brilliant but sadistic baby bent on killing his mother and taking over the world), Meg (the oldest, and is the most unpopular girl in town) and Chris (the middle kid, he's not very bright but has a passion for movies). The final member of the family is Brian - a talking dog and much more than a pet, he keeps Stewie in check whilst sipping Martinis and sorting through his own life issues.",/8o8kiBkWFK3gVytHdyzEWUBXVfK.jpg,/jbTqU6BJMufoMnPSlO4ThrcXs3Y.jpg,https://www.themoviedb.org/tv/1434,2025-11-17
617126,movie,The Fantastic 4: First Steps,2025-07-23,95.0618,7.058,2391,en,Science Fiction; Adventure; Action,"Against the vibrant backdrop of a 1960s-inspired, retro-futuristic world, Marvel's First Family is forced to balance their roles as heroes with the strength of their family bond, while defending Earth from a ravenous space god called Galactus and his enigmatic Herald, Silver Surfer.",/2iZ0pypKSnSvwtj1u7Bth3xm6ru.jpg,/6eLtIyVHCzqoQdsLfOPPNVTxsn7.jpg,https://www.themoviedb.org/movie/617126,2025-11-17
803796,movie,KPop Demon Hunters,2025-06-20,93.0985,8.222,1897,en,Fantasy; Music; Comedy; Animation,"When K-pop superstars Rumi, Mira and Zoey aren't selling out stadiums, they're using their secret powers to protect their fans from supernatural threats.",/zT7Lhw3BhJbMkRqm9Zlx2YGMsY0.jpg,/w3Bi0wygeFQctn6AqFTwhGNXRwL.jpg,https://www.themoviedb.org/movie/803796,2025-11-17
1419406,movie,The Shadow's Edge,2025-08-16,91.3713,7.2,45,zh,Action; Crime; Thriller,Macau Police brings the tracking expert police officer out of retirement to help catch a dangerous group of professional thieves.,/e0RU6KpdnrqFxDKlI3NOqN8nHL6.jpg,/4BtL2vvEufDXDP4u6xQjjQ1Y2aT.jpg,https://www.themoviedb.org/movie/1419406,2025-11-17
301001,tv,Mrs Playmen,2025-11-12,80.9612,7.9,9,it,Drama,"Betrayed by her husband, a woman must step up and run an erotic magazine that becomes a symbol of empowerment in '70s Rome. Inspired by true events.",/aLwRvsuKhMjrCrAUUuw61cSuiOi.jpg,/rk93UkcE9kw6cHiaYFcWQvNUuuq.jpg,https://www.themoviedb.org/tv/301001,2025-11-17
274979,tv,The Crystal Cuckoo,2025-11-14,80.0064,5.5,8,es,Drama,"Hoping to learn more about her heart donor, a young doctor arrives in a mountain town where decades of mysterious tragedies plague the small community.",/tsY3Kl793m2sXTMkQTajz0EOqCl.jpg,/kuvIwh28N9iGsJak8Q8fx3ABKer.jpg,https://www.themoviedb.org/tv/274979,2025-11-17
1084242,movie,Zootopia 2,2025-11-26,79.457,0.0,0,en,Animation; Family; Comedy; Adventure; Mystery,"After cracking the biggest case in Zootopia's history, rookie cops Judy Hopps and Nick Wilde find their partnership isn't as solid as they thought when Chief Bogo orders them to join the Partners in Crisis counseling program. But it doesn't take long for their partnership to be put to the ultimate test when they find themselves on the twisting trail of a mystery tied to the arrival of a venomous snake in the animal metropolis.",/oJ7g2CifqpStmoYQyaLQgEU32qO.jpg,/7nfpkR9XsQ1lBNCXSSHxGV7Dkxe.jpg,https://www.themoviedb.org/movie/1084242,2025-11-17
250504,tv,The Beast in Me,2025-11-13,79.0715,7.2,19,en,Mystery; Drama,"A famous author is pulled into a twisted mind game with her rich, powerful new neighbor — who might be a murderer.",/jxf7JCfIMvGONWTNUIJ068sFixK.jpg,/ylW0m5UztyyL4YFu8EC6usUHLF.jpg,https://www.themoviedb.org/tv/250504,2025-11-17
1425122,movie,A Very Jonas Christmas Movie,2025-11-10,78.978,7.432,22,en,Comedy; Music,"Kevin, Nick, and Joe Jonas face a series of escalating obstacles as they struggle to make it from London to New York in time to spend Christmas with their families.",/kGLgaDrYWmTAdRFzGP5pBquRnhO.jpg,/ajYw16ISz3qsdYTg4zy5rob1iAQ.jpg,https://www.themoviedb.org/movie/1425122,2025-11-17
63926,tv,One-Punch Man,2015-10-05,74.2617,8.399,3899,ja,Animation; Comedy; Action & Adventure; Sci-Fi & Fantasy,"The most powerful superhero in the world can kill anyone with one blow. But nothing can challenge him, so he struggles with ennui and depression.",/dT10AxJIXVvRwFAew4tt2RhzJrD.jpg,/3AXLSxMuqyZt8HyrKKfrcJtkswD.jpg,https://www.themoviedb.org/tv/63926,2025-11-17
798645,movie,The Running Man,2025-11-11,73.5503,7.189,74,en,Action; Thriller; Science Fiction,"Desperate to save his sick daughter, working-class Ben Richards is convinced by The Running Man's charming but ruthless producer to enter the deadly competition game as a last resort. But Ben's defiance, instincts, and grit turn him into an unexpected fan favorite - and a threat to the entire system. As ratings skyrocket, so does the danger, and Ben must outwit not just the Hunters, but a nation addicted to watching him fall.",/dKL78O9zxczVgjtNcQ9UkbYLzqX.jpg,/xv7KQ4YfYEZPwfyxGeteasTQENi.jpg,https://www.themoviedb.org/movie/798645,2025-11-17
221079,tv,The Last Frontier,2025-10-09,73.5,7.425,80,en,Crime; Drama,When a prison transport plane crashes in the remote Alaskan wilderness—freeing dozens of violent inmates—the region's lone marshal must protect the town he's vowed to keep safe.,/4S2gS1mECZ5wDRBVAZE6KWmJHI3.jpg,/zo66p6fzHOW8Zkqf6F63LwY1k7W.jpg,https://www.themoviedb.org/tv/221079,2025-11-17
272418,tv,Robin Hood,2025-11-02,69.9472,7.818,44,en,Drama; Action & Adventure,"A modern reimagining of the classic tale. After the Norman invasion of England, Rob, a Saxon forester’s son, and Marian, a Norman lord’s daughter, fall in love and unite to fight for justice, challenge corruption, and restore peace to the land.",/3teWChNzKJdbfen46IdeKTygdZa.jpg,/uoIOfRNmu47P2fET2KnrYHt3TH.jpg,https://www.themoviedb.org/tv/272418,2025-11-17
1401318,movie,A Merry Little Ex-Mas,2025-11-12,66.1708,6.698,48,en,Romance; Comedy,"All Kate and Everett want for Christmas is an amicable divorce and one last holiday as a family, but new flames and old feelings complicate their plans.",/w4ytu75uJ1b0AgPd0wLm7iZMsWJ.jpg,/2GHJGnF2jgnzeqT3XTHjHXgk5Fx.jpg,https://www.themoviedb.org/movie/1401318,2025-11-17
338969,movie,The Toxic Avenger Unrated,2025-08-28,64.342,6.232,197,en,Action; Comedy; Science Fiction,"When a downtrodden janitor, Winston Gooze, is exposed to a catastrophic toxic accident, he’s transformed into a new kind of hero: The Toxic Avenger. Now, Toxie must rise from outcast to savior, taking on ruthless corporate overlords and corrupt forces who threaten his son, his friends, and his community.",/sIonGSpGNtH72OzbJllPOEMNjVU.jpg,/pmDPp0RLfDCGzXKfMoAGbgfVECH.jpg,https://www.themoviedb.org/movie/338969,2025-11-17
1038392,movie,The Conjuring: Last Rites,2025-09-03,63.1912,6.998,1288,en,Horror,Paranormal investigators Ed and Lorraine Warren take on one last terrifying case involving mysterious entities they must confront.,/7JzOmJ1fIU43I3gLHYsY8UzNzjG.jpg,/tcBX2dtkNozZ0uDLVaxXrE6rqyN.jpg,https://www.themoviedb.org/movie/1038392,2025-11-17
95479,tv,JUJUTSU KAISEN,2020-10-03,62.8214,8.6,4009,ja,Animation; Action & Adventure; Sci-Fi & Fantasy,"Yuji Itadori is a boy with tremendous physical strength, though he lives a completely ordinary high school life. One day, to save a classmate who has been attacked by curses, he eats the finger of Ryomen Sukuna, taking the curse into his own soul. From then on, he shares one body with Ryomen Sukuna. Guided by the most powerful of sorcerers, Satoru Gojo, Itadori is admitted to Tokyo Jujutsu High School, an organization that fights the curses... and thus begins the heroic tale of a boy who became a curse to exorcise a curse, a life from which he could never turn back.",/fHpKWq9ayzSk8nSwqRuaAUemRKh.jpg,/gmECX1DvFgdUPjtio2zaL8BPYPu.jpg,https://www.themoviedb.org/tv/95479,2025-11-17
1234821,movie,Jurassic World Rebirth,2025-07-01,57.7943,6.382,2488,en,Science Fiction; Adventure; Action,"Five years after the events of Jurassic World Dominion, covert operations expert Zora Bennett is contracted to lead a skilled team on a top-secret mission to secure genetic material from the world's three most massive dinosaurs. When Zora's operation intersects with a civilian family whose boating expedition was capsized, they all find themselves stranded on an island where they come face-to-face with a sinister, shocking discovery that's been hidden from the world for decades.",/1RICxzeoNCAO5NpcRMIgg1XT6fm.jpg,/fQOV47FHTJdaSuSUNlzP3zXUZWE.jpg,https://www.themoviedb.org/movie/1234821,2025-11-17
211089,tv,Strange Tales of Tang Dynasty,2022-09-27,56.4456,8.2,33,zh,Mystery; Crime; Drama; Action & Adventure,General Lu Lingfeng and Detective Su Wuming uncover supernatural mysteries and hidden conspiracies threatening the empire during Emperor Xuanzong’s reign.,/nyhBueT07zQS7wWLYFDNO8LdO3N.jpg,/8b5yXvmWSOl64Abk1wMYhzs4OnP.jpg,https://www.themoviedb.org/tv/211089,2025-11-17
967941,movie,Wicked: For Good,2025-11-17,55.8692,4.8,27,en,Romance; Fantasy; Adventure,"As an angry mob rises against the Wicked Witch, Glinda and Elphaba will need to come together one final time. With their singular friendship now the fulcrum of their futures, they will need to truly see each other, with honesty and empathy, if they are to change themselves, and all of Oz, for good.",/si9tolnefLSUKaqQEGz1bWArOaL.jpg,/l8pwO23MCvqYumzozpxynCNfck1.jpg,https://www.themoviedb.org/movie/967941,2025-11-17
1061474,movie,Superman,2025-07-09,55.8201,7.415,3812,en,Science Fiction; Adventure; Action,"Superman, a journalist in Metropolis, embarks on a journey to reconcile his Kryptonian heritage with his human upbringing as Clark Kent.",/wPLysNDLffQLOVebZQCbXJEv6E6.jpg,/eGX66zonvc4bXg3rM08RUxdYSDx.jpg,https://www.themoviedb.org/movie/1061474,2025-11-17
281011,tv,Would You Marry Me?,2025-10-10,54.0864,7.6,23,ko,Comedy; Drama,"A couple who pretend to be newlyweds, find themselves developing genuine feelings for each other as they navigate their fake marriage.",/pfN6Ln8a6Xw23LQw0vL1YL8Kwqh.jpg,/lRWXYQGwL56Y1iCrXC5XxCKBz1V.jpg,https://www.themoviedb.org/tv/281011,2025-11-17
157741,tv,Landman,2024-11-17,52.6805,8.035,282,en,Drama,"Set in the proverbial boomtowns of West-Texas and a modern-day tale of fortune-seeking in the world of oil rigs, the series is an upstairs/downstairs story of roughnecks and wildcat billionaires that are fueling a boom so big it’s reshaping our climate, our economy and our geopolitics.",/rxWtATtTdwx0ERQjQ7BtVOMyq5r.jpg,/mh2UczqEXJJVgqohbyZbHTuxwhL.jpg,https://www.themoviedb.org/tv/157741,2025-11-17
239385,tv,The Manipulated,2025-11-05,51.0714,8.8,17,ko,Crime; Drama,"Mild-mannered Tae-jung is wrongfully imprisoned for a heinous crime. He soon discovers that a mysterious figure named Yo-han orchestrated his downfall. Fueled by vengeance, Tae-jung sets out to make Yo-han pay.",/nOj4nsomFyAVJgpp68L0xq3cREc.jpg,/bpPDWVLO5F5Gi5wP61m7nR1N8xo.jpg,https://www.themoviedb.org/tv/239385,2025-11-17
2190,tv,South Park,1997-08-13,50.7179,8.342,4739,en,Animation; Comedy,"Follow the misadventures of four irreverent grade-schoolers in the quiet, dysfunctional town of South Park, Colorado.",/1CGwZCFX2qerXaXQJJUB3qUvxq7.jpg,/3UviYOlhn8EgXMBuiT6MnUuo1w9.jpg,https://www.themoviedb.org/tv/2190,2025-11-17
120089,tv,SPY x FAMILY,2022-04-09,50.004,8.5,2122,ja,Animation; Comedy; Action & Adventure,"A spy, an assassin and a telepath come together to pose as a family, each for their own reasons, while hiding their true identities from each other.",/7NAvPYPAu7MeHwP8E9sn81PqsRh.jpg,/lysUnU6V0VfcthDbviuVlIqgHOR.jpg,https://www.themoviedb.org/tv/120089,2025-11-17
299778,tv,Tatsuki Fujimoto 17-26,2025-11-08,45.6484,7.667,12,ja,Animation; Drama; Comedy; Sci-Fi & Fantasy,"Six studios and seven directors adapt the early works of Tatsuki Fujimoto, the mastermind behind ""Chainsaw Man,"" into an anime anthology. Each episode is an anime adaptation of a short story he drew from ages seventeen to twenty-six, including the first manga he ever submitted for competition. Watch as vivid tales of young love, chaos, madness, and the bonds between people unfold in each episode.",/rVBxMx1IrBdxbxbBuOWK8kiurMB.jpg,/4YrYmBx26WZgITKlcceaIz74vj3.jpg,https://www.themoviedb.org/tv/299778,2025-11-17
1114967,movie,Good Fortune,2025-10-14,45.3386,7.091,170,en,Comedy; Fantasy,A well-meaning but rather inept angel named Gabriel meddles in the lives of a struggling gig worker and a wealthy capitalist.,/r83HIGA0mUiy7I9qVr17pF7SCDP.jpg,/q2V1q2Xxwqg3uXQKufpdCtrnAdn.jpg,https://www.themoviedb.org/movie/1114967,2025-11-17
911430,movie,F1,2025-06-25,43.817,7.806,2591,en,Action; Drama,Racing legend Sonny Hayes is coaxed out of retirement to lead a struggling Formula 1 team—and mentor a young hotshot driver—while chasing one more chance at glory.,/vqBmyAj0Xm9LnS1xe1MSlMAJyHq.jpg,/ZtcGMc204JsNqfjS9lU6udRgpo.jpg,https://www.themoviedb.org/movie/911430,2025-11-17
402431,movie,Wicked,2024-11-20,43.4448,6.906,2539,en,Drama; Romance; Fantasy,"In the land of Oz, ostracized and misunderstood green-skinned Elphaba is forced to share a room with the popular aristocrat Glinda at Shiz University, and the two's unlikely friendship is tested as they begin to fulfill their respective destinies as Glinda the Good and the Wicked Witch of the West.",/xDGbZ0JJ3mYaGKy4Nzd9Kph6M9L.jpg,/3iD9yEsxKqliZfPck1aoTVC6K53.jpg,https://www.themoviedb.org/movie/402431,2025-11-17
246386,tv,All Her Fault,2025-11-07,43.0856,8.364,22,en,Drama; Mystery; Crime,"In Chicago, Marissa Irvine arrives at 14 Arthur Avenue, expecting to pick up her young son Milo from his first playdate with a boy at his new school. But the woman who answers the door isn't a mother she recognizes. She isn't the nanny. She doesn't have Milo. And so begins every parent's worst nightmare.",/o8vZKZlc8H4OcgpbJuqP0iK4B2.jpg,/uv0LVwNM8mZcwhCa5pd6FJxvKDz.jpg,https://www.themoviedb.org/tv/246386,2025-11-17
271885,tv,As You Stood By,2025-11-07,41.7774,8.1,35,ko,Crime; Drama; Mystery,"When two women plot to end an abusive marriage through murder, an unexpected visitor arrives — threatening to shatter everything they've carefully planned.",/3ciqsMz21p8xp5udriFjRGM5OYs.jpg,/pB4UcD3QoQQTCiZw5HEpcv9o1iC.jpg,https://www.themoviedb.org/tv/271885,2025-11-17
1007734,movie,Nobody 2,2025-08-13,41.6914,7.067,956,en,Action; Thriller,"Former assassin Hutch Mansell takes his family on a nostalgic vacation to a small-town theme park, only to be pulled back into violence when they clash with a corrupt operator, a crooked sheriff, and a ruthless crime boss.",/xGLoqM9peusKQeuwlSw2Qlhx740.jpg,/mEW9XMgYDO6U0MJcIRqRuSwjzN5.jpg,https://www.themoviedb.org/movie/1007734,2025-11-17
533533,movie,TRON: Ares,2025-10-08,40.4552,6.348,398,en,Science Fiction; Adventure; Action,"A highly sophisticated Program called Ares is sent from the digital world into the real world on a dangerous mission, marking humankind's first encounter with A.I. beings.",/chpWmskl3aKm1aTZqUHRCtviwPy.jpg,/jUplF2dluebAYdHa901mhPVOZYU.jpg,https://www.themoviedb.org/movie/533533,2025-11-17
97951,tv,Mayor of Kingstown,2021-11-14,40.3448,7.859,540,en,Drama; Crime,"In a small Michigan town where the business of incarceration is the only thriving industry, the McClusky family are the power brokers between the police, criminals, inmates, prison guards and politicians in a city completely dependent on prisons and the prisoners they contain.",/6rWIip9MZELAA0SKii5WqsBDCYW.jpg,/39bifj2FNytJ2m1cqOBcWMTKgmV.jpg,https://www.themoviedb.org/tv/97951,2025-11-17
604079,movie,The Long Walk,2025-09-10,39.6314,6.931,760,en,Thriller; Horror; Science Fiction,"In a dystopian, alternate-America ruled by a totalitarian regime, 50 teenage boys take part in a deadly annual walking contest, forced to maintain a minimum pace or be executed, until only one survivor remains.",/wobVTa99eW0ht6c1rNNzLkazPtR.jpg,/pcJft6lFWsJxutwpLHVYfmZRPQp.jpg,https://www.themoviedb.org/movie/604079,2025-11-17
95480,tv,Slow Horses,2022-04-01,38.8553,7.989,693,en,Crime; Drama; Comedy,"Follow a dysfunctional team of MI5 agents—and their obnoxious boss, the notorious Jackson Lamb—as they navigate the espionage world's smoke and mirrors to defend England from sinister forces.",/dnpatlJrEPiDSn5fzgzvxtiSnMo.jpg,/bDfboQUb45Cv9MYyVBDZw8M8xSM.jpg,https://www.themoviedb.org/tv/95480,2025-11-17
157239,tv,Alien: Earth,2025-08-12,37.72,7.433,781,en,Sci-Fi & Fantasy; Drama,"When the mysterious deep space research vessel USCSS Maginot crash-lands on Earth, Wendy and a ragtag group of tactical soldiers make a fateful discovery that puts them face-to-face with the planet's greatest threat.",/yueXS3q8BtoWekcHOATFHicLl3e.jpg,/biIBy2LPOOtGCgUYOls3dUEWU3v.jpg,https://www.themoviedb.org/tv/157239,2025-11-17
1078605,movie,Weapons,2025-08-04,37.6217,7.34,2340,en,Horror; Mystery,"When all but one child from the same class mysteriously vanish on the same night at exactly the same time, a community is left questioning who or what is behind their disappearance.",/cpf7vsRZ0MYRQcnLWteD5jK9ymT.jpg,/yKWZIDo4ixcDUeelk2QGVA1EVmC.jpg,https://www.themoviedb.org/movie/1078605,2025-11-17
1035259,movie,The Naked Gun,2025-07-30,37.3099,6.517,1078,en,Action; Comedy; Crime,"Only one man has the particular set of skills... to lead Police Squad and save the world: Lt. Frank Drebin Jr. Following in his father's footsteps, he must solve a murder case to prevent Police Squad from closure.",/hF4pG0CMDzC4GCiiUR9iNrzoW2p.jpg,/1wi1hcbl6KYqARjdQ4qrBWZdiau.jpg,https://www.themoviedb.org/movie/1035259,2025-11-17
157336,movie,Interstellar,2014-11-05,35.8722,8.462,38232,en,Adventure; Drama; Science Fiction,The adventures of a group of explorers who make use of a newly discovered wormhole to surpass the limitations on human space travel and conquer the vast distances involved in an interstellar voyage.,/gEU2QniE6E77NI6lCU6MxlNBvIx.jpg,/5XNQBqnBwPA9yT0jZ0p3s8bbLh0.jpg,https://www.themoviedb.org/movie/157336,2025-11-17
106449,tv,A Record of a Mortal's Journey to Immortality,2020-07-25,33.5815,8.5,65,zh,Animation; Action & Adventure; Sci-Fi & Fantasy,"A poor and ordinary boy from a village joins a minor sect in Jiang Hu and becomes an Unofficial Disciple by chance. How will Han Li, a commoner by birth, establish a foothold for himself in his sect? With his mediocre aptitude, he must successfully traverse the treacherous path of cultivation and avoid the notice of those who may do him harm. This is a story of an ordinary mortal who, against all odds, clashes with devilish demons and ancient celestials in order to find his own path towards immortality.",/3m1UaMLgmpj6krNaQwTpftYFsnz.jpg,/8NIvQY34tNPc4txNeym2zEYk9ek.jpg,https://www.themoviedb.org/tv/106449,2025-11-17
106449,tv,A Record of a Mortal's Journey to Immortality,2020-07-25,33.5815,8.5,65,zh,Animation; Action & Adventure; Sci-Fi & Fantasy,"A poor and ordinary boy from a village joins a minor sect in Jiang Hu and becomes an Unofficial Disciple by chance. How will Han Li, a commoner by birth, establish a foothold for himself in his sect? With his mediocre aptitude, he must successfully traverse the treacherous path of cultivation and avoid the notice of those who may do him harm. This is a story of an ordinary mortal who, against all odds, clashes with devilish demons and ancient celestials in order to find his own path towards immortality.",/3m1UaMLgmpj6krNaQwTpftYFsnz.jpg,/8NIvQY34tNPc4txNeym2zEYk9ek.jpg,https://www.themoviedb.org/tv/106449,2025-11-17
75656,movie,Now You See Me,2013-05-29,33.4162,7.332,16176,en,Thriller; Crime,An FBI agent and an Interpol detective track a team of illusionists who pull off bank heists during their performances and reward their audiences with the money.,/tWsNYbrqy1p1w6K9zRk0mSchztT.jpg,/xEY0MV2jSQBz9iOJfCFvLTiPGMA.jpg,https://www.themoviedb.org/movie/75656,2025-11-17
541671,movie,Ballerina,2025-06-04,32.8862,7.312,1967,en,Action; Thriller; Crime,"Taking place during the events of John Wick: Chapter 3 – Parabellum, Eve Macarro begins her training in the assassin traditions of the Ruska Roma.",/2VUmvqsHb6cEtdfscEA6fqqVzLg.jpg,/1yktYsxkmUtUFTUnCAUaqG6FEiz.jpg,https://www.themoviedb.org/movie/541671,2025-11-17
37854,tv,One Piece,1999-10-20,32.2116,8.7,5038,ja,Action & Adventure; Comedy; Animation,"Years ago, the fearsome Pirate King, Gol D. Roger was executed leaving a huge pile of treasure and the famous ""One Piece"" behind. Whoever claims the ""One Piece"" will be named the new King of the Pirates.

Monkey D. Luffy, a boy who consumed a ""Devil Fruit,"" decides to follow in the footsteps of his idol, the pirate Shanks, and find the One Piece. It helps, of course, that his body has the properties of rubber and that he's surrounded by a bevy of skilled fighters and thieves to help him along the way.

Luffy will do anything to get the One Piece and become King of the Pirates!",/cMD9Ygz11zjJzAovURpO75Qg7rT.jpg,/oVfucXvhutTpYExG9k06NJqnpT9.jpg,https://www.themoviedb.org/tv/37854,2025-11-17
126506,tv,Smiling Friends,2020-04-01,32.1115,8.426,297,en,Animation; Comedy,"Smiling Friends Inc. is a small company whose main purpose is to bring happiness and make people smile. The series follows the day-to-day lives and misadventures of its representatives, the lazy, cynical Charlie, and the cheerful, optimistic Pim, as they try to cheer up and comfort the troubled people who call their company's hotline. They receive seemingly simple requests but the jobs turn out to be more complicated than they seem, making it difficult to bring happiness to the world.",/q3CSxl3G06MBc73TpHWwBYYTPxL.jpg,/atoWevhc9DZQaJXx5aimtYdtruc.jpg,https://www.themoviedb.org/tv/126506,2025-11-17
701387,movie,Bugonia,2025-10-23,31.5939,7.7,341,en,Science Fiction; Crime; Thriller,"Two conspiracy obsessed young men kidnap the high-powered CEO of a major company, convinced that she is an alien intent on destroying planet Earth.",/oxgsAQDAAxA92mFGYCZllgWkH9J.jpg,/jihTSrMksmU5ujqRZnc6SBFSyfq.jpg,https://www.themoviedb.org/movie/701387,2025-11-17
1125257,movie,Freakier Friday,2025-08-06,30.8669,6.896,414,en,Comedy; Fantasy; Family,"Years after Tess and Anna endured an identity crisis, Anna now has a daughter of her own and a soon-to-be stepdaughter. As they navigate the myriad challenges that come when two families merge, Tess and Anna discover lightning might indeed strike twice.",/9wV65OmsjLAqBfDnYTkMPutXH8j.jpg,/yQy9Y3p5INwkfTuHSnzYnz4MCV3.jpg,https://www.themoviedb.org/movie/1125257,2025-11-17
211684,tv,The Walking Dead: Daryl Dixon,2023-09-10,29.3232,8.1,784,en,Sci-Fi & Fantasy; Action & Adventure; Drama,"Daryl washes ashore in France and struggles to piece together how he got there and why. The series tracks his journey across a broken but resilient France as he hopes to find a way back home. As he makes the journey, though, the connections he forms along the way complicate his ultimate plan.",/sP5QdW9FN18XWcA4ROz3MPAQBTx.jpg,/vanNED66ty4Kc45IMcGI7edQBwH.jpg,https://www.themoviedb.org/tv/211684,2025-11-17
1290159,movie,A House of Dynamite,2025-10-02,29.1821,6.367,760,en,Thriller,"When a single, unattributed missile is launched at the United States, a race begins to determine who is responsible and how to respond.",/AiJ8L90ftPAwVf3SDx7Fj9IMZoy.jpg,/5SVRVwBfHCIkffiq0MmbdvnHWSz.jpg,https://www.themoviedb.org/movie/1290159,2025-11-17
256226,tv,Dear X,2025-11-06,28.7527,9.0,4,ko,Crime; Drama,"Behind a beautiful face hides a cruel nature—Baek Ah-jin, who sees through and manipulates others' hearts. After stepping on the sacrifices of many to reach the top, everything begins to change the moment she arrives there. A woman wearing a mask to escape hell and climb to the highest place. And the story of the Xs being brutally crushed by her.",/wZEKHPaeMCihLZWqjOaEtXFA87x.jpg,/9mQ4qv1xhvPcEVsL4ds8SQx3QiI.jpg,https://www.themoviedb.org/tv/256226,2025-11-17
205715,tv,Gen V,2023-09-28,28.7164,7.719,1262,en,Action & Adventure; Drama; Sci-Fi & Fantasy,"At America's only college for superheroes, gifted students put their moral boundaries to the test, competing for the university's top ranking, and a chance to join The Seven, Vought International's elite superhero team. When the school's dark secrets come to light, they must decide what kind of heroes they want to become.",/tEv842Nd5uMSavURG4aQO1pNtst.jpg,/tldMHeR7UnihV5ffrxxM8cDhbtT.jpg,https://www.themoviedb.org/tv/205715,2025-11-17
205715,tv,Gen V,2023-09-28,28.7164,7.719,1262,en,Action & Adventure; Drama; Sci-Fi & Fantasy,"At America's only college for superheroes, gifted students put their moral boundaries to the test, competing for the university's top ranking, and a chance to join The Seven, Vought International's elite superhero team. When the school's dark secrets come to light, they must decide what kind of heroes they want to become.",/tEv842Nd5uMSavURG4aQO1pNtst.jpg,/tldMHeR7UnihV5ffrxxM8cDhbtT.jpg,https://www.themoviedb.org/tv/205715,2025-11-17
83533,movie,Avatar: Fire and Ash,2025-12-17,27.7534,0.0,0,en,Science Fiction; Adventure; Fantasy,"In the wake of the devastating war against the RDA and the loss of their eldest son, Jake Sully and Neytiri face a new threat on Pandora: the Ash People, a violent and power-hungry Na'vi tribe led by the ruthless Varang. Jake's family must fight for their survival and the future of Pandora in a conflict that pushes them to their emotional and physical limits.",/5bxrxnRaxZooBAxgUVBZ13dpzC7.jpg,/pN3eaCl3sqwrerU8UNdp40F2mK0.jpg,https://www.themoviedb.org/movie/83533,2025-11-17
258742,tv,All's Fair,2025-11-04,26.2011,3.355,30,en,Drama; Comedy,"A team of female divorce attorneys leave a male-dominated firm to open their own powerhouse practice. Fierce, brilliant, and emotionally complicated, they navigate high-stakes breakups, scandalous secrets, and shifting allegiances—both in the courtroom and within their own ranks. In a world where money talks and love is a battleground, these women don't just play the game—they change it.",/akJ3gusmlRGvKoFzLgJxsIBL4W4.jpg,/xhqklQEaJ7xqsqnwCJZu7hTmTIK.jpg,https://www.themoviedb.org/tv/258742,2025-11-17
245219,tv,Death by Lightning,2025-11-06,25.8504,7.672,29,en,Drama; Crime,"The story of James Garfield, who rose from obscurity to become America's 20th President — and Charles Guiteau, the man who assassinated him.",/KyUrz3GA1FML3XnKkY795XxDxN.jpg,/l89mjyc8tGfhEalwDIeGqmXLR1N.jpg,https://www.themoviedb.org/tv/245219,2025-11-17
671,movie,Harry Potter and the Philosopher's Stone,2001-11-16,25.2475,7.9,28810,en,Adventure; Fantasy,"Harry Potter has lived under the stairs at his aunt and uncle's house his whole life. But on his 11th birthday, he learns he's a powerful wizard—with a place waiting for him at the Hogwarts School of Witchcraft and Wizardry. As he learns to harness his newfound powers with the help of the school's kindly headmaster, Harry uncovers the truth about his parents' deaths—and about the villain who's to blame.",/wuMc08IPKEatf9rnMNXvIDxqP4W.jpg,/bfh9Z3Ghz4FOJAfLOAhmc3ccnHU.jpg,https://www.themoviedb.org/movie/671,2025-11-17
1245993,movie,Caught Stealing,2025-08-26,23.7217,6.9,521,en,Crime; Thriller; Comedy,"Burned-out ex-baseball player Hank Thompson unexpectedly finds himself embroiled in a dangerous struggle for survival amidst the criminal underbelly of late 1990s New York City, forced to navigate a treacherous underworld he never imagined.",/cvda8s5J8YaHjTyEyXQpvD6f3iV.jpg,/41043LV7mfluH8iXEUPVseCDAv5.jpg,https://www.themoviedb.org/movie/1245993,2025-11-17
1226863,movie,The Super Mario Galaxy Movie,2026-04-01,23.522,0.0,0,en,Family; Fantasy; Comedy; Adventure; Animation,A new movie based on the world of Super Mario Bros. that further broadens Mario's world with a bright and fun story. Plot TBA.,/sKKWYpdRPLqCbeIrxARd7WQ3E6H.jpg,/5U0tqruExz7ssDyr5pwiAGFzI8S.jpg,https://www.themoviedb.org/movie/1226863,2025-11-17
760329,movie,The Smashing Machine,2025-10-01,23.2526,6.45,180,en,History; Drama,"In the late 1990s, up-and-coming mixed martial artist Mark Kerr aspires to become the greatest fighter in the world. However, he must also battle his opioid dependence and a volatile relationship with his girlfriend Dawn.",/mPuBDGrVIBGOymBxR6rO3iIvBSe.jpg,/vfbryKoLrisx8Xh37OaTjTyrFY0.jpg,https://www.themoviedb.org/movie/760329,2025-11-17
1362315,movie,The Hand That Rocks the Cradle,2025-10-16,23.1088,5.807,58,en,Thriller,Suburban couple Caitlin and Miguel hire seemingly sweet Polly to take care of their newborn baby. But Polly's true motives have little to do with singing lullabies...,/6Z4rtNUA51AegNjhJ2dKFcfsHE2.jpg,/5mPpUkGYzjdZdTB1BE0rSQk0X2v.jpg,https://www.themoviedb.org/movie/1362315,2025-11-17
65930,tv,My Hero Academia,2016-04-03,22.8668,8.6,5120,ja,Action & Adventure; Animation; Sci-Fi & Fantasy,"After he saves a bully from a Villain, a normal student is granted a superpower that allows him to attend a high school training academy for Heroes.",/phuYuzqWW9ru8EA3HVjE9W2Rr3M.jpg,/cH39aJg9VlEaYo6yY37Iah8RAaz.jpg,https://www.themoviedb.org/tv/65930,2025-11-17
106379,tv,Fallout,2024-04-10,22.436,8.214,2133,en,Action & Adventure; Drama,"The story of haves and have-nots in a world in which there’s almost nothing left to have. 200 years after the apocalypse, the gentle denizens of luxury fallout shelters are forced to return to the irradiated hellscape their ancestors left behind — and are shocked to discover an incredibly complex, gleefully weird, and highly violent universe waiting for them.",/c15BtJxCXMrISLVmysdsnZUPQft.jpg,/coaPCIqQBPUZsOnJcWZxhaORcDT.jpg,https://www.themoviedb.org/tv/106379,2025-11-17
1571470,movie,The Rats: A Witcher Tale,2025-10-29,22.1705,5.142,74,en,Fantasy; Drama; Adventure,"To pull off a daring heist, a gang of six misfit outlaws will have to do something they've never done before: trust each other — and a washed-up Witcher.",/1T0kO1cgR430AC9I6jurMOezKwg.jpg,/en0NbTEjf3qKokHvwGeaq9DBPIP.jpg,https://www.themoviedb.org/movie/1571470,2025-11-17
106646,movie,The Wolf of Wall Street,2013-12-25,21.8311,8.027,25167,en,Crime; Drama; Comedy,"A New York stockbroker refuses to cooperate in a large securities fraud case involving corruption on Wall Street, corporate banking world and mob infiltration. Based on Jordan Belfort's autobiography.",/kW9LmvYHAaS9iA0tHmZVq8hQYoq.jpg,/7Nwnmyzrtd0FkcRyPqmdzTPppQa.jpg,https://www.themoviedb.org/movie/106646,2025-11-17
252000,tv,Down Cemetery Road,2025-10-29,21.7468,5.639,18,en,Drama; Crime; Mystery,"When a child goes missing in the aftermath of a house explosion, a concerned neighbor teams up with a private investigator to find them. As secrets unravel and a military conspiracy emerges, all hell is unleashed on South Oxford's sleepy suburbs.",/dj3QTYe7OVPjFTpUoEp2GEyLNrR.jpg,/hEVVpOX2VeUbHfY97qnYF2F5SlD.jpg,https://www.themoviedb.org/tv/252000,2025-11-17
1426518,movie,Being Eddie,2025-11-11,20.6645,7.4,13,en,Documentary,"From teen comedian to Hollywood legend, Eddie Murphy revisits his extraordinary showbiz ride with raw honesty and humor.",/bAAdoOyCm3DqrOyj0h2icPpeHHw.jpg,/9w6883OlULmjwLA0H0Zo4XYhZSR.jpg,https://www.themoviedb.org/movie/1426518,2025-11-17
281013,tv,Dynamite Kiss,2025-11-12,19.6661,5.0,1,ko,Drama; Comedy,"A passionate fling in Jeju ends abruptly — until fate reunites an heir and a young woman when she joins his company, disguised as a married mother.",/qY3ltlWUB7u3ENocrMOkbGCGYnt.jpg,/4Nt6boj4z9ebU30ND9pRwrToAAJ.jpg,https://www.themoviedb.org/tv/281013,2025-11-17
1033148,movie,Die My Love,2025-10-06,19.6251,6.758,34,en,Drama,"Grace, a writer and young mother, is slowly slipping into madness. Locked away in an old house in Montana, her increasingly agitated and erratic behaviour leaves her companion, Jackson, worried and helpless.",/uDMehIQIgqSCSkTINIfmKeqEt06.jpg,/ltIxMsVJD9iiD5V4SBp4kv3KhVb.jpg,https://www.themoviedb.org/movie/1033148,2025-11-17
241576,tv,Had I Not Seen the Sun,2025-11-13,19.6231,5.667,3,zh,Crime; Drama; Mystery,Filmmaker Zhou Pin-yu interviews a serial killer in prison — an encounter that triggers a string of mysterious events tied to a buried past.,/uY4ETb9evtpvjJiXKpgh21cOBno.jpg,/b9nrdh1VaspBckmaDwftW4mcOyC.jpg,https://www.themoviedb.org/tv/241576,2025-11-17
1214684,movie,Kiss of the Spider Woman,2025-10-09,17.8512,5.8,22,en,Romance; Music; Drama; Thriller,"Valentín, a political prisoner, shares a cell with Molina, a window dresser convicted of public indecency. The two form an unlikely bond as Molina recounts the plot of a Hollywood musical starring his favorite silver screen diva, Ingrid Luna.",/nLQcyl6XTu17CfT6g739PbsePDO.jpg,/4mblDU3gtNFgXxmufSZkR1CwnhO.jpg,https://www.themoviedb.org/movie/1214684,2025-11-17
225361,tv,BAT-FAM,2025-11-10,17.311,3.7,7,en,Animation; Family,"Follow Batman, Alfred, and young Damian Wayne—who has taken on the mantle of Little Batman—alongside a few newcomers to Wayne Manor, as they navigate the fun and frustrations of life as a super family",/8C34YTylNBt4DWM1a9oAAXqmTSr.jpg,/yZJ6ecQCRsXg3rx7hJbwYPHuzD3.jpg,https://www.themoviedb.org/tv/225361,2025-11-17
1253000,movie,Deathstalker,2025-10-10,16.479,6.5,16,en,Action; Adventure; Fantasy,"A powerful swordsman known as Deathstalker recovers a cursed amulet from a corpse-strewn battlefield. Marked by dark magic and hunted by monstrous assassins, he must face the rising evil and break the curse.",/AiZKIqqbpbYIZxo1Rt4CgPzHUGv.jpg,/cugd16e3WbCG3Zogb8N7lwUnVXH.jpg,https://www.themoviedb.org/movie/1253000,2025-11-17
226197,tv,The QUEEN of News,2023-11-17,15.2565,8.1,14,cn,Drama,"The highly-watched 6:30 PM news report is the battleground for news anchors. In the news department, seasoned anchors Man Wai-sum and Leung Ging-yan split into two factions, each vying for the top spot. Wen causes quite a stir and eventually climbs the corporate ladder. The vacancy for the prime-time female anchor sparks a series of storms!",/9nrVW6P44OPw2pxkAgEI5fMfjl.jpg,/VHiGsZVvdwoTY4QUozztsVsLVJ.jpg,https://www.themoviedb.org/tv/226197,2025-11-17
1293286,movie,Gunslingers,2025-04-11,14.6201,6.329,73,en,Western; Action,"When the most wanted man in America surfaces in a small Kentucky town, his violent history -- and a blood-thirsty mob seeking vengeance and a king’s ransom -- soon follow. As brothers face off against one another and bullets tear the town to shreds, this lightning-fast gunslinger makes his enemies pay the ultimate price for their greed.",/O7REXWPANWXvX2jhQydHjAq2DV.jpg,/zksO4lVnRKRoaSYzh2EDn2Z3Pel.jpg,https://www.themoviedb.org/movie/1293286,2025-11-17
1084244,movie,Toy Story 5,2026-06-17,14.3825,0.0,0,en,Animation; Family; Comedy,"When Bonnie receives a Lilypad tablet as a gift and becomes obsessed, Buzz, Woody, Jessie and the rest of the gang's jobs become exponentially harder when they have to go head to head with the all-new threat to playtime.",/q9luDXycWh1xm6K4eN7IXitRMpp.jpg,/qrx28gxdzCzfYvgCBZ9RNTveAa2.jpg,https://www.themoviedb.org/movie/1084244,2025-11-17
1288072,movie,Keeper,2025-11-12,12.9353,4.4,7,en,Horror; Mystery,"Liz and Malcolm escape for a romantic anniversary weekend at a secluded cabin. When Malcolm suddenly returns to the city, Liz finds herself isolated and in the presence of an unspeakable evil that reveals the cabin's horrifying secrets.",/37wINcejfzsxovp3WZC2HEqaPNy.jpg,/5sulGeqGyXj9EvYg8IjxEWFIRdM.jpg,https://www.themoviedb.org/movie/1288072,2025-11-17
157367,tv,Palm Royale,2024-03-19,12.3035,6.2,65,en,Drama; Comedy,"In 1969, an ambitious woman aspires to cross the line between the haves and have-nots to secure her seat at America's most exclusive, fashionable, and treacherous table: Palm Beach high society.",/3HDmuo2u2M7s3hWVaDAiYDerODK.jpg,/4dUTs2xkExkG3yKPNzxgGwRX6NF.jpg,https://www.themoviedb.org/tv/157367,2025-11-17
